fecha,letra,empresas
2007-01-01,A,200
2007-01-01,B,110
2007-01-01,C,3937
2007-01-01,D,29
2007-01-01,E,12
2007-01-01,F,155
2007-01-01,G,3850
2007-01-01,H,199
2007-01-01,I,22
2007-01-01,J,247
2007-01-01,K,29
2007-01-01,L,80
2007-01-01,M,236
2007-01-01,N,117
2007-01-01,P,9
2007-01-01,Q,30
2007-01-01,R,29
2007-01-01,S,62
2007-01-01,Z,41
2007-02-01,A,179
2007-02-01,B,94
2007-02-01,C,3690
2007-02-01,D,25
2007-02-01,E,18
2007-02-01,F,133
2007-02-01,G,3623
2007-02-01,H,152
2007-02-01,I,22
2007-02-01,J,222
2007-02-01,K,25
2007-02-01,L,76
2007-02-01,M,210
2007-02-01,N,122
2007-02-01,P,8
2007-02-01,Q,25
2007-02-01,R,27
2007-02-01,S,71
2007-02-01,Z,54
2007-03-01,A,168
2007-03-01,B,99
2007-03-01,C,4001
2007-03-01,D,25
2007-03-01,E,9
2007-03-01,F,154
2007-03-01,G,3904
2007-03-01,H,189
2007-03-01,I,22
2007-03-01,J,242
2007-03-01,K,29
2007-03-01,L,79
2007-03-01,M,225
2007-03-01,N,125
2007-03-01,P,9
2007-03-01,Q,25
2007-03-01,R,29
2007-03-01,S,76
2007-03-01,Z,43
2007-04-01,A,139
2007-04-01,B,95
2007-04-01,C,3725
2007-04-01,D,22
2007-04-01,E,11
2007-04-01,F,138
2007-04-01,G,3543
2007-04-01,H,189
2007-04-01,I,14
2007-04-01,J,227
2007-04-01,K,31
2007-04-01,L,58
2007-04-01,M,201
2007-04-01,N,104
2007-04-01,P,10
2007-04-01,Q,40
2007-04-01,R,23
2007-04-01,S,57
2007-04-01,Z,37
2007-05-01,A,142
2007-05-01,B,113
2007-05-01,C,3943
2007-05-01,D,21
2007-05-01,E,15
2007-05-01,F,151
2007-05-01,G,3905
2007-05-01,H,203
2007-05-01,I,17
2007-05-01,J,236
2007-05-01,K,24
2007-05-01,L,76
2007-05-01,M,251
2007-05-01,N,132
2007-05-01,P,6
2007-05-01,Q,34
2007-05-01,R,24
2007-05-01,S,74
2007-05-01,Z,42
2007-06-01,A,147
2007-06-01,B,105
2007-06-01,C,3997
2007-06-01,D,22
2007-06-01,E,10
2007-06-01,F,156
2007-06-01,G,3942
2007-06-01,H,182
2007-06-01,I,14
2007-06-01,J,239
2007-06-01,K,20
2007-06-01,L,82
2007-06-01,M,224
2007-06-01,N,114
2007-06-01,P,9
2007-06-01,Q,29
2007-06-01,R,37
2007-06-01,S,61
2007-06-01,Z,46
2007-07-01,A,161
2007-07-01,B,107
2007-07-01,C,4140
2007-07-01,D,26
2007-07-01,E,14
2007-07-01,F,150
2007-07-01,G,4142
2007-07-01,H,189
2007-07-01,I,21
2007-07-01,J,236
2007-07-01,K,25
2007-07-01,L,83
2007-07-01,M,257
2007-07-01,N,132
2007-07-01,P,6
2007-07-01,Q,35
2007-07-01,R,30
2007-07-01,S,64
2007-07-01,Z,55
2007-08-01,A,194
2007-08-01,B,118
2007-08-01,C,4254
2007-08-01,D,23
2007-08-01,E,10
2007-08-01,F,158
2007-08-01,G,4237
2007-08-01,H,205
2007-08-01,I,21
2007-08-01,J,252
2007-08-01,K,27
2007-08-01,L,81
2007-08-01,M,240
2007-08-01,N,131
2007-08-01,P,6
2007-08-01,Q,31
2007-08-01,R,26
2007-08-01,S,74
2007-08-01,Z,54
2007-09-01,A,181
2007-09-01,B,102
2007-09-01,C,4017
2007-09-01,D,23
2007-09-01,E,8
2007-09-01,F,157
2007-09-01,G,3956
2007-09-01,H,184
2007-09-01,I,19
2007-09-01,J,247
2007-09-01,K,22
2007-09-01,L,83
2007-09-01,M,230
2007-09-01,N,124
2007-09-01,P,6
2007-09-01,Q,28
2007-09-01,R,27
2007-09-01,S,71
2007-09-01,Z,52
2007-10-01,A,197
2007-10-01,B,105
2007-10-01,C,4264
2007-10-01,D,27
2007-10-01,E,13
2007-10-01,F,158
2007-10-01,G,4279
2007-10-01,H,201
2007-10-01,I,21
2007-10-01,J,253
2007-10-01,K,29
2007-10-01,L,96
2007-10-01,M,271
2007-10-01,N,135
2007-10-01,P,6
2007-10-01,Q,40
2007-10-01,R,34
2007-10-01,S,64
2007-10-01,Z,69
2007-11-01,A,210
2007-11-01,B,112
2007-11-01,C,4301
2007-11-01,D,33
2007-11-01,E,14
2007-11-01,F,158
2007-11-01,G,4315
2007-11-01,H,222
2007-11-01,I,19
2007-11-01,J,261
2007-11-01,K,24
2007-11-01,L,100
2007-11-01,M,252
2007-11-01,N,138
2007-11-01,P,9
2007-11-01,Q,43
2007-11-01,R,33
2007-11-01,S,73
2007-11-01,Z,52
2007-12-01,A,170
2007-12-01,B,109
2007-12-01,C,4007
2007-12-01,D,27
2007-12-01,E,11
2007-12-01,F,155
2007-12-01,G,4160
2007-12-01,H,201
2007-12-01,I,18
2007-12-01,J,244
2007-12-01,K,22
2007-12-01,L,95
2007-12-01,M,222
2007-12-01,N,118
2007-12-01,P,5
2007-12-01,Q,27
2007-12-01,R,34
2007-12-01,S,59
2007-12-01,Z,47
2008-01-01,A,180
2008-01-01,B,104
2008-01-01,C,4201
2008-01-01,D,34
2008-01-01,E,9
2008-01-01,F,172
2008-01-01,G,4138
2008-01-01,H,190
2008-01-01,I,25
2008-01-01,J,247
2008-01-01,K,23
2008-01-01,L,73
2008-01-01,M,240
2008-01-01,N,134
2008-01-01,P,3
2008-01-01,Q,37
2008-01-01,R,23
2008-01-01,S,69
2008-01-01,Z,45
2008-02-01,A,171
2008-02-01,B,110
2008-02-01,C,4010
2008-02-01,D,28
2008-02-01,E,8
2008-02-01,F,154
2008-02-01,G,3907
2008-02-01,H,184
2008-02-01,I,23
2008-02-01,J,249
2008-02-01,K,25
2008-02-01,L,70
2008-02-01,M,229
2008-02-01,N,118
2008-02-01,P,5
2008-02-01,Q,32
2008-02-01,R,28
2008-02-01,S,60
2008-02-01,Z,43
2008-03-01,A,150
2008-03-01,B,108
2008-03-01,C,3955
2008-03-01,D,27
2008-03-01,E,9
2008-03-01,F,151
2008-03-01,G,3880
2008-03-01,H,173
2008-03-01,I,17
2008-03-01,J,223
2008-03-01,K,22
2008-03-01,L,75
2008-03-01,M,214
2008-03-01,N,111
2008-03-01,P,11
2008-03-01,Q,29
2008-03-01,R,26
2008-03-01,S,67
2008-03-01,Z,33
2008-04-01,A,174
2008-04-01,B,110
2008-04-01,C,4225
2008-04-01,D,29
2008-04-01,E,17
2008-04-01,F,178
2008-04-01,G,4169
2008-04-01,H,205
2008-04-01,I,20
2008-04-01,J,246
2008-04-01,K,30
2008-04-01,L,72
2008-04-01,M,227
2008-04-01,N,131
2008-04-01,P,10
2008-04-01,Q,36
2008-04-01,R,25
2008-04-01,S,71
2008-04-01,Z,45
2008-05-01,A,146
2008-05-01,B,109
2008-05-01,C,4233
2008-05-01,D,26
2008-05-01,E,9
2008-05-01,F,149
2008-05-01,G,4193
2008-05-01,H,202
2008-05-01,I,18
2008-05-01,J,241
2008-05-01,K,31
2008-05-01,L,86
2008-05-01,M,234
2008-05-01,N,121
2008-05-01,P,14
2008-05-01,Q,35
2008-05-01,R,24
2008-05-01,S,64
2008-05-01,Z,46
2008-06-01,A,144
2008-06-01,B,110
2008-06-01,C,4086
2008-06-01,D,28
2008-06-01,E,11
2008-06-01,F,155
2008-06-01,G,4069
2008-06-01,H,194
2008-06-01,I,20
2008-06-01,J,218
2008-06-01,K,28
2008-06-01,L,70
2008-06-01,M,212
2008-06-01,N,119
2008-06-01,P,5
2008-06-01,Q,40
2008-06-01,R,36
2008-06-01,S,62
2008-06-01,Z,51
2008-07-01,A,132
2008-07-01,B,115
2008-07-01,C,4300
2008-07-01,D,28
2008-07-01,E,19
2008-07-01,F,154
2008-07-01,G,4270
2008-07-01,H,203
2008-07-01,I,19
2008-07-01,J,258
2008-07-01,K,32
2008-07-01,L,89
2008-07-01,M,254
2008-07-01,N,116
2008-07-01,P,7
2008-07-01,Q,39
2008-07-01,R,30
2008-07-01,S,73
2008-07-01,Z,44
2008-08-01,A,171
2008-08-01,B,102
2008-08-01,C,4118
2008-08-01,D,27
2008-08-01,E,8
2008-08-01,F,158
2008-08-01,G,4162
2008-08-01,H,210
2008-08-01,I,21
2008-08-01,J,230
2008-08-01,K,23
2008-08-01,L,72
2008-08-01,M,223
2008-08-01,N,115
2008-08-01,P,6
2008-08-01,Q,36
2008-08-01,R,26
2008-08-01,S,59
2008-08-01,Z,42
2008-09-01,A,190
2008-09-01,B,113
2008-09-01,C,4245
2008-09-01,D,22
2008-09-01,E,14
2008-09-01,F,161
2008-09-01,G,4211
2008-09-01,H,203
2008-09-01,I,23
2008-09-01,J,257
2008-09-01,K,20
2008-09-01,L,95
2008-09-01,M,235
2008-09-01,N,127
2008-09-01,P,9
2008-09-01,Q,34
2008-09-01,R,41
2008-09-01,S,70
2008-09-01,Z,38
2008-10-01,A,192
2008-10-01,B,110
2008-10-01,C,4268
2008-10-01,D,26
2008-10-01,E,18
2008-10-01,F,168
2008-10-01,G,4379
2008-10-01,H,189
2008-10-01,I,19
2008-10-01,J,243
2008-10-01,K,27
2008-10-01,L,80
2008-10-01,M,263
2008-10-01,N,142
2008-10-01,P,7
2008-10-01,Q,39
2008-10-01,R,26
2008-10-01,S,77
2008-10-01,Z,43
2008-11-01,A,201
2008-11-01,B,103
2008-11-01,C,4126
2008-11-01,D,28
2008-11-01,E,11
2008-11-01,F,159
2008-11-01,G,4200
2008-11-01,H,195
2008-11-01,I,26
2008-11-01,J,246
2008-11-01,K,24
2008-11-01,L,89
2008-11-01,M,227
2008-11-01,N,119
2008-11-01,P,6
2008-11-01,Q,41
2008-11-01,R,34
2008-11-01,S,71
2008-11-01,Z,37
2008-12-01,A,181
2008-12-01,B,105
2008-12-01,C,4015
2008-12-01,D,29
2008-12-01,E,14
2008-12-01,F,159
2008-12-01,G,4107
2008-12-01,H,188
2008-12-01,I,25
2008-12-01,J,233
2008-12-01,K,18
2008-12-01,L,75
2008-12-01,M,209
2008-12-01,N,116
2008-12-01,P,6
2008-12-01,Q,36
2008-12-01,R,26
2008-12-01,S,55
2008-12-01,Z,45
2009-01-01,A,185
2009-01-01,B,108
2009-01-01,C,3736
2009-01-01,D,25
2009-01-01,E,15
2009-01-01,F,149
2009-01-01,G,3769
2009-01-01,H,185
2009-01-01,I,21
2009-01-01,J,219
2009-01-01,K,19
2009-01-01,L,59
2009-01-01,M,207
2009-01-01,N,111
2009-01-01,P,8
2009-01-01,Q,31
2009-01-01,R,21
2009-01-01,S,63
2009-01-01,Z,41
2009-02-01,A,148
2009-02-01,B,107
2009-02-01,C,3382
2009-02-01,D,23
2009-02-01,E,7
2009-02-01,F,122
2009-02-01,G,3464
2009-02-01,H,162
2009-02-01,I,16
2009-02-01,J,207
2009-02-01,K,15
2009-02-01,L,52
2009-02-01,M,175
2009-02-01,N,108
2009-02-01,P,10
2009-02-01,Q,34
2009-02-01,R,20
2009-02-01,S,63
2009-02-01,Z,37
2009-03-01,A,157
2009-03-01,B,87
2009-03-01,C,3727
2009-03-01,D,28
2009-03-01,E,11
2009-03-01,F,141
2009-03-01,G,3696
2009-03-01,H,177
2009-03-01,I,23
2009-03-01,J,216
2009-03-01,K,15
2009-03-01,L,55
2009-03-01,M,199
2009-03-01,N,107
2009-03-01,P,13
2009-03-01,Q,36
2009-03-01,R,20
2009-03-01,S,64
2009-03-01,Z,30
2009-04-01,A,143
2009-04-01,B,93
2009-04-01,C,3661
2009-04-01,D,26
2009-04-01,E,15
2009-04-01,F,141
2009-04-01,G,3706
2009-04-01,H,161
2009-04-01,I,19
2009-04-01,J,223
2009-04-01,K,11
2009-04-01,L,54
2009-04-01,M,183
2009-04-01,N,102
2009-04-01,P,8
2009-04-01,Q,25
2009-04-01,R,20
2009-04-01,S,70
2009-04-01,Z,34
2009-05-01,A,136
2009-05-01,B,92
2009-05-01,C,3662
2009-05-01,D,29
2009-05-01,E,10
2009-05-01,F,139
2009-05-01,G,3755
2009-05-01,H,165
2009-05-01,I,18
2009-05-01,J,208
2009-05-01,K,16
2009-05-01,L,65
2009-05-01,M,200
2009-05-01,N,104
2009-05-01,P,6
2009-05-01,Q,32
2009-05-01,R,19
2009-05-01,S,59
2009-05-01,Z,30
2009-06-01,A,132
2009-06-01,B,90
2009-06-01,C,3813
2009-06-01,D,24
2009-06-01,E,11
2009-06-01,F,129
2009-06-01,G,3868
2009-06-01,H,176
2009-06-01,I,12
2009-06-01,J,231
2009-06-01,K,21
2009-06-01,L,58
2009-06-01,M,202
2009-06-01,N,112
2009-06-01,P,6
2009-06-01,Q,33
2009-06-01,R,23
2009-06-01,S,65
2009-06-01,Z,138
2009-07-01,A,148
2009-07-01,B,91
2009-07-01,C,3913
2009-07-01,D,27
2009-07-01,E,16
2009-07-01,F,150
2009-07-01,G,3993
2009-07-01,H,186
2009-07-01,I,20
2009-07-01,J,215
2009-07-01,K,15
2009-07-01,L,61
2009-07-01,M,219
2009-07-01,N,103
2009-07-01,P,12
2009-07-01,Q,31
2009-07-01,R,13
2009-07-01,S,69
2009-07-01,Z,38
2009-08-01,A,120
2009-08-01,B,92
2009-08-01,C,3734
2009-08-01,D,26
2009-08-01,E,17
2009-08-01,F,135
2009-08-01,G,3721
2009-08-01,H,182
2009-08-01,I,16
2009-08-01,J,225
2009-08-01,K,13
2009-08-01,L,63
2009-08-01,M,193
2009-08-01,N,99
2009-08-01,P,7
2009-08-01,Q,33
2009-08-01,R,27
2009-08-01,S,62
2009-08-01,Z,40
2009-09-01,A,150
2009-09-01,B,104
2009-09-01,C,4035
2009-09-01,D,22
2009-09-01,E,8
2009-09-01,F,157
2009-09-01,G,4029
2009-09-01,H,193
2009-09-01,I,18
2009-09-01,J,239
2009-09-01,K,12
2009-09-01,L,75
2009-09-01,M,215
2009-09-01,N,125
2009-09-01,P,10
2009-09-01,Q,24
2009-09-01,R,30
2009-09-01,S,68
2009-09-01,Z,25
2009-10-01,A,148
2009-10-01,B,90
2009-10-01,C,3907
2009-10-01,D,26
2009-10-01,E,14
2009-10-01,F,140
2009-10-01,G,3949
2009-10-01,H,181
2009-10-01,I,13
2009-10-01,J,246
2009-10-01,K,14
2009-10-01,L,73
2009-10-01,M,210
2009-10-01,N,111
2009-10-01,P,8
2009-10-01,Q,30
2009-10-01,R,28
2009-10-01,S,63
2009-10-01,Z,97
2009-11-01,A,160
2009-11-01,B,91
2009-11-01,C,4000
2009-11-01,D,32
2009-11-01,E,9
2009-11-01,F,138
2009-11-01,G,3971
2009-11-01,H,190
2009-11-01,I,21
2009-11-01,J,222
2009-11-01,K,15
2009-11-01,L,85
2009-11-01,M,196
2009-11-01,N,108
2009-11-01,P,7
2009-11-01,Q,40
2009-11-01,R,24
2009-11-01,S,52
2009-11-01,Z,31
2009-12-01,A,178
2009-12-01,B,101
2009-12-01,C,3952
2009-12-01,D,24
2009-12-01,E,7
2009-12-01,F,151
2009-12-01,G,4064
2009-12-01,H,181
2009-12-01,I,16
2009-12-01,J,216
2009-12-01,K,19
2009-12-01,L,73
2009-12-01,M,203
2009-12-01,N,111
2009-12-01,P,8
2009-12-01,Q,37
2009-12-01,R,21
2009-12-01,S,66
2009-12-01,Z,36
2010-01-01,A,159
2010-01-01,B,98
2010-01-01,C,3801
2010-01-01,D,25
2010-01-01,E,11
2010-01-01,F,146
2010-01-01,G,3768
2010-01-01,H,162
2010-01-01,I,18
2010-01-01,J,210
2010-01-01,K,14
2010-01-01,L,50
2010-01-01,M,195
2010-01-01,N,113
2010-01-01,P,8
2010-01-01,Q,39
2010-01-01,R,26
2010-01-01,S,61
2010-01-01,Z,26
2010-02-01,A,140
2010-02-01,B,86
2010-02-01,C,3706
2010-02-01,D,21
2010-02-01,E,8
2010-02-01,F,120
2010-02-01,G,3587
2010-02-01,H,162
2010-02-01,I,11
2010-02-01,J,189
2010-02-01,K,12
2010-02-01,L,51
2010-02-01,M,198
2010-02-01,N,93
2010-02-01,P,8
2010-02-01,Q,32
2010-02-01,R,19
2010-02-01,S,62
2010-02-01,Z,30
2010-03-01,A,160
2010-03-01,B,93
2010-03-01,C,4065
2010-03-01,D,24
2010-03-01,E,14
2010-03-01,F,159
2010-03-01,G,4020
2010-03-01,H,167
2010-03-01,I,14
2010-03-01,J,235
2010-03-01,K,19
2010-03-01,L,61
2010-03-01,M,195
2010-03-01,N,100
2010-03-01,P,10
2010-03-01,Q,31
2010-03-01,R,18
2010-03-01,S,68
2010-03-01,Z,35
2010-04-01,A,137
2010-04-01,B,101
2010-04-01,C,3957
2010-04-01,D,27
2010-04-01,E,12
2010-04-01,F,141
2010-04-01,G,3905
2010-04-01,H,188
2010-04-01,I,14
2010-04-01,J,234
2010-04-01,K,18
2010-04-01,L,58
2010-04-01,M,191
2010-04-01,N,103
2010-04-01,P,10
2010-04-01,Q,34
2010-04-01,R,22
2010-04-01,S,53
2010-04-01,Z,37
2010-05-01,A,146
2010-05-01,B,100
2010-05-01,C,3944
2010-05-01,D,27
2010-05-01,E,11
2010-05-01,F,145
2010-05-01,G,3976
2010-05-01,H,186
2010-05-01,I,13
2010-05-01,J,212
2010-05-01,K,22
2010-05-01,L,53
2010-05-01,M,205
2010-05-01,N,105
2010-05-01,P,8
2010-05-01,Q,33
2010-05-01,R,18
2010-05-01,S,65
2010-05-01,Z,42
2010-06-01,A,141
2010-06-01,B,99
2010-06-01,C,4169
2010-06-01,D,27
2010-06-01,E,10
2010-06-01,F,157
2010-06-01,G,4232
2010-06-01,H,164
2010-06-01,I,13
2010-06-01,J,234
2010-06-01,K,20
2010-06-01,L,60
2010-06-01,M,217
2010-06-01,N,111
2010-06-01,P,8
2010-06-01,Q,38
2010-06-01,R,21
2010-06-01,S,64
2010-06-01,Z,42
2010-07-01,A,131
2010-07-01,B,96
2010-07-01,C,4262
2010-07-01,D,21
2010-07-01,E,9
2010-07-01,F,146
2010-07-01,G,4259
2010-07-01,H,173
2010-07-01,I,15
2010-07-01,J,237
2010-07-01,K,18
2010-07-01,L,58
2010-07-01,M,213
2010-07-01,N,107
2010-07-01,P,9
2010-07-01,Q,30
2010-07-01,R,23
2010-07-01,S,64
2010-07-01,Z,37
2010-08-01,A,163
2010-08-01,B,97
2010-08-01,C,4252
2010-08-01,D,25
2010-08-01,E,9
2010-08-01,F,154
2010-08-01,G,4238
2010-08-01,H,186
2010-08-01,I,14
2010-08-01,J,213
2010-08-01,K,22
2010-08-01,L,71
2010-08-01,M,209
2010-08-01,N,106
2010-08-01,P,8
2010-08-01,Q,34
2010-08-01,R,28
2010-08-01,S,58
2010-08-01,Z,29
2010-09-01,A,165
2010-09-01,B,105
2010-09-01,C,4297
2010-09-01,D,28
2010-09-01,E,10
2010-09-01,F,147
2010-09-01,G,4355
2010-09-01,H,215
2010-09-01,I,15
2010-09-01,J,236
2010-09-01,K,17
2010-09-01,L,66
2010-09-01,M,234
2010-09-01,N,113
2010-09-01,P,9
2010-09-01,Q,28
2010-09-01,R,26
2010-09-01,S,71
2010-09-01,Z,42
2010-10-01,A,156
2010-10-01,B,101
2010-10-01,C,4149
2010-10-01,D,20
2010-10-01,E,14
2010-10-01,F,169
2010-10-01,G,4175
2010-10-01,H,164
2010-10-01,I,16
2010-10-01,J,238
2010-10-01,K,21
2010-10-01,L,58
2010-10-01,M,202
2010-10-01,N,110
2010-10-01,P,10
2010-10-01,Q,37
2010-10-01,R,24
2010-10-01,S,66
2010-10-01,Z,34
2010-11-01,A,183
2010-11-01,B,107
2010-11-01,C,4433
2010-11-01,D,32
2010-11-01,E,13
2010-11-01,F,178
2010-11-01,G,4556
2010-11-01,H,200
2010-11-01,I,15
2010-11-01,J,238
2010-11-01,K,18
2010-11-01,L,67
2010-11-01,M,234
2010-11-01,N,122
2010-11-01,P,7
2010-11-01,Q,37
2010-11-01,R,27
2010-11-01,S,67
2010-11-01,Z,35
2010-12-01,A,196
2010-12-01,B,102
2010-12-01,C,4390
2010-12-01,D,26
2010-12-01,E,9
2010-12-01,F,184
2010-12-01,G,4473
2010-12-01,H,178
2010-12-01,I,11
2010-12-01,J,243
2010-12-01,K,20
2010-12-01,L,87
2010-12-01,M,217
2010-12-01,N,123
2010-12-01,P,10
2010-12-01,Q,27
2010-12-01,R,16
2010-12-01,S,69
2010-12-01,Z,37
2011-01-01,A,185
2011-01-01,B,103
2011-01-01,C,4286
2011-01-01,D,33
2011-01-01,E,10
2011-01-01,F,180
2011-01-01,G,4215
2011-01-01,H,185
2011-01-01,I,13
2011-01-01,J,216
2011-01-01,K,22
2011-01-01,L,59
2011-01-01,M,215
2011-01-01,N,113
2011-01-01,P,5
2011-01-01,Q,38
2011-01-01,R,23
2011-01-01,S,62
2011-01-01,Z,35
2011-02-01,A,181
2011-02-01,B,103
2011-02-01,C,4038
2011-02-01,D,27
2011-02-01,E,14
2011-02-01,F,168
2011-02-01,G,4010
2011-02-01,H,179
2011-02-01,I,14
2011-02-01,J,216
2011-02-01,K,21
2011-02-01,L,50
2011-02-01,M,208
2011-02-01,N,100
2011-02-01,P,6
2011-02-01,Q,31
2011-02-01,R,17
2011-02-01,S,60
2011-02-01,Z,26
2011-03-01,A,162
2011-03-01,B,103
2011-03-01,C,4127
2011-03-01,D,27
2011-03-01,E,10
2011-03-01,F,164
2011-03-01,G,4257
2011-03-01,H,174
2011-03-01,I,15
2011-03-01,J,232
2011-03-01,K,19
2011-03-01,L,55
2011-03-01,M,219
2011-03-01,N,114
2011-03-01,P,11
2011-03-01,Q,37
2011-03-01,R,22
2011-03-01,S,65
2011-03-01,Z,32
2011-04-01,A,158
2011-04-01,B,110
2011-04-01,C,4070
2011-04-01,D,32
2011-04-01,E,11
2011-04-01,F,153
2011-04-01,G,4081
2011-04-01,H,175
2011-04-01,I,11
2011-04-01,J,229
2011-04-01,K,20
2011-04-01,L,48
2011-04-01,M,199
2011-04-01,N,100
2011-04-01,P,8
2011-04-01,Q,40
2011-04-01,R,22
2011-04-01,S,49
2011-04-01,Z,27
2011-05-01,A,132
2011-05-01,B,98
2011-05-01,C,4289
2011-05-01,D,24
2011-05-01,E,8
2011-05-01,F,152
2011-05-01,G,4275
2011-05-01,H,189
2011-05-01,I,12
2011-05-01,J,233
2011-05-01,K,21
2011-05-01,L,54
2011-05-01,M,220
2011-05-01,N,117
2011-05-01,P,9
2011-05-01,Q,28
2011-05-01,R,13
2011-05-01,S,73
2011-05-01,Z,35
2011-06-01,A,151
2011-06-01,B,91
2011-06-01,C,4252
2011-06-01,D,24
2011-06-01,E,12
2011-06-01,F,150
2011-06-01,G,4284
2011-06-01,H,166
2011-06-01,I,13
2011-06-01,J,240
2011-06-01,K,21
2011-06-01,L,58
2011-06-01,M,213
2011-06-01,N,117
2011-06-01,P,8
2011-06-01,Q,37
2011-06-01,R,22
2011-06-01,S,63
2011-06-01,Z,39
2011-07-01,A,124
2011-07-01,B,103
2011-07-01,C,4212
2011-07-01,D,23
2011-07-01,E,9
2011-07-01,F,152
2011-07-01,G,4338
2011-07-01,H,176
2011-07-01,I,20
2011-07-01,J,230
2011-07-01,K,19
2011-07-01,L,54
2011-07-01,M,207
2011-07-01,N,113
2011-07-01,P,8
2011-07-01,Q,41
2011-07-01,R,21
2011-07-01,S,58
2011-07-01,Z,31
2011-08-01,A,160
2011-08-01,B,101
2011-08-01,C,4367
2011-08-01,D,28
2011-08-01,E,13
2011-08-01,F,158
2011-08-01,G,4439
2011-08-01,H,191
2011-08-01,I,17
2011-08-01,J,239
2011-08-01,K,19
2011-08-01,L,58
2011-08-01,M,220
2011-08-01,N,117
2011-08-01,P,6
2011-08-01,Q,35
2011-08-01,R,24
2011-08-01,S,59
2011-08-01,Z,32
2011-09-01,A,169
2011-09-01,B,97
2011-09-01,C,4342
2011-09-01,D,30
2011-09-01,E,10
2011-09-01,F,174
2011-09-01,G,4517
2011-09-01,H,178
2011-09-01,I,17
2011-09-01,J,234
2011-09-01,K,22
2011-09-01,L,52
2011-09-01,M,227
2011-09-01,N,117
2011-09-01,P,9
2011-09-01,Q,31
2011-09-01,R,27
2011-09-01,S,63
2011-09-01,Z,29
2011-10-01,A,184
2011-10-01,B,103
2011-10-01,C,4336
2011-10-01,D,27
2011-10-01,E,12
2011-10-01,F,181
2011-10-01,G,4425
2011-10-01,H,197
2011-10-01,I,11
2011-10-01,J,225
2011-10-01,K,21
2011-10-01,L,51
2011-10-01,M,227
2011-10-01,N,117
2011-10-01,P,5
2011-10-01,Q,42
2011-10-01,R,24
2011-10-01,S,55
2011-10-01,Z,29
2011-11-01,A,178
2011-11-01,B,101
2011-11-01,C,4433
2011-11-01,D,30
2011-11-01,E,7
2011-11-01,F,167
2011-11-01,G,4346
2011-11-01,H,195
2011-11-01,I,14
2011-11-01,J,228
2011-11-01,K,23
2011-11-01,L,67
2011-11-01,M,197
2011-11-01,N,108
2011-11-01,P,9
2011-11-01,Q,37
2011-11-01,R,24
2011-11-01,S,65
2011-11-01,Z,26
2011-12-01,A,179
2011-12-01,B,94
2011-12-01,C,4347
2011-12-01,D,23
2011-12-01,E,21
2011-12-01,F,174
2011-12-01,G,4549
2011-12-01,H,205
2011-12-01,I,16
2011-12-01,J,212
2011-12-01,K,19
2011-12-01,L,61
2011-12-01,M,210
2011-12-01,N,111
2011-12-01,P,3
2011-12-01,Q,37
2011-12-01,R,23
2011-12-01,S,58
2011-12-01,Z,19
2012-01-01,A,171
2012-01-01,B,99
2012-01-01,C,4273
2012-01-01,D,30
2012-01-01,E,16
2012-01-01,F,166
2012-01-01,G,4340
2012-01-01,H,180
2012-01-01,I,16
2012-01-01,J,221
2012-01-01,K,22
2012-01-01,L,48
2012-01-01,M,213
2012-01-01,N,102
2012-01-01,P,6
2012-01-01,Q,40
2012-01-01,R,27
2012-01-01,S,58
2012-01-01,Z,28
2012-02-01,A,134
2012-02-01,B,93
2012-02-01,C,3657
2012-02-01,D,27
2012-02-01,E,8
2012-02-01,F,147
2012-02-01,G,3807
2012-02-01,H,153
2012-02-01,I,14
2012-02-01,J,179
2012-02-01,K,17
2012-02-01,L,34
2012-02-01,M,150
2012-02-01,N,82
2012-02-01,P,7
2012-02-01,Q,18
2012-02-01,R,22
2012-02-01,S,47
2012-02-01,Z,14
2012-03-01,A,117
2012-03-01,B,94
2012-03-01,C,3582
2012-03-01,D,30
2012-03-01,E,10
2012-03-01,F,125
2012-03-01,G,3559
2012-03-01,H,147
2012-03-01,I,15
2012-03-01,J,164
2012-03-01,K,16
2012-03-01,L,37
2012-03-01,M,161
2012-03-01,N,94
2012-03-01,P,7
2012-03-01,Q,28
2012-03-01,R,14
2012-03-01,S,44
2012-03-01,Z,18
2012-04-01,A,98
2012-04-01,B,80
2012-04-01,C,3293
2012-04-01,D,18
2012-04-01,E,4
2012-04-01,F,108
2012-04-01,G,2925
2012-04-01,H,126
2012-04-01,I,7
2012-04-01,J,159
2012-04-01,K,11
2012-04-01,L,32
2012-04-01,M,129
2012-04-01,N,76
2012-04-01,P,3
2012-04-01,Q,21
2012-04-01,R,9
2012-04-01,S,36
2012-04-01,Z,14
2012-05-01,A,134
2012-05-01,B,83
2012-05-01,C,3713
2012-05-01,D,26
2012-05-01,E,8
2012-05-01,F,123
2012-05-01,G,3527
2012-05-01,H,130
2012-05-01,I,10
2012-05-01,J,177
2012-05-01,K,12
2012-05-01,L,42
2012-05-01,M,170
2012-05-01,N,83
2012-05-01,P,4
2012-05-01,Q,29
2012-05-01,R,7
2012-05-01,S,43
2012-05-01,Z,14
2012-06-01,A,116
2012-06-01,B,88
2012-06-01,C,3698
2012-06-01,D,24
2012-06-01,E,9
2012-06-01,F,120
2012-06-01,G,3498
2012-06-01,H,153
2012-06-01,I,10
2012-06-01,J,172
2012-06-01,K,14
2012-06-01,L,33
2012-06-01,M,156
2012-06-01,N,82
2012-06-01,P,6
2012-06-01,Q,33
2012-06-01,R,14
2012-06-01,S,45
2012-06-01,Z,21
2012-07-01,A,106
2012-07-01,B,95
2012-07-01,C,3917
2012-07-01,D,25
2012-07-01,E,8
2012-07-01,F,127
2012-07-01,G,3798
2012-07-01,H,168
2012-07-01,I,9
2012-07-01,J,191
2012-07-01,K,15
2012-07-01,L,38
2012-07-01,M,149
2012-07-01,N,95
2012-07-01,P,6
2012-07-01,Q,31
2012-07-01,R,13
2012-07-01,S,46
2012-07-01,Z,14
2012-08-01,A,143
2012-08-01,B,92
2012-08-01,C,4004
2012-08-01,D,26
2012-08-01,E,6
2012-08-01,F,125
2012-08-01,G,3986
2012-08-01,H,165
2012-08-01,I,12
2012-08-01,J,205
2012-08-01,K,19
2012-08-01,L,36
2012-08-01,M,157
2012-08-01,N,85
2012-08-01,P,5
2012-08-01,Q,29
2012-08-01,R,16
2012-08-01,S,63
2012-08-01,Z,19
2012-09-01,A,109
2012-09-01,B,90
2012-09-01,C,3843
2012-09-01,D,27
2012-09-01,E,13
2012-09-01,F,132
2012-09-01,G,3805
2012-09-01,H,159
2012-09-01,I,12
2012-09-01,J,170
2012-09-01,K,13
2012-09-01,L,41
2012-09-01,M,159
2012-09-01,N,89
2012-09-01,P,6
2012-09-01,Q,32
2012-09-01,R,13
2012-09-01,S,55
2012-09-01,Z,21
2012-10-01,A,147
2012-10-01,B,92
2012-10-01,C,4088
2012-10-01,D,29
2012-10-01,E,10
2012-10-01,F,134
2012-10-01,G,4050
2012-10-01,H,169
2012-10-01,I,13
2012-10-01,J,200
2012-10-01,K,16
2012-10-01,L,39
2012-10-01,M,198
2012-10-01,N,106
2012-10-01,P,5
2012-10-01,Q,27
2012-10-01,R,14
2012-10-01,S,46
2012-10-01,Z,15
2012-11-01,A,138
2012-11-01,B,83
2012-11-01,C,3942
2012-11-01,D,24
2012-11-01,E,5
2012-11-01,F,126
2012-11-01,G,3937
2012-11-01,H,170
2012-11-01,I,9
2012-11-01,J,185
2012-11-01,K,19
2012-11-01,L,51
2012-11-01,M,183
2012-11-01,N,83
2012-11-01,P,6
2012-11-01,Q,31
2012-11-01,R,15
2012-11-01,S,44
2012-11-01,Z,13
2012-12-01,A,134
2012-12-01,B,88
2012-12-01,C,3764
2012-12-01,D,24
2012-12-01,E,7
2012-12-01,F,131
2012-12-01,G,3945
2012-12-01,H,158
2012-12-01,I,12
2012-12-01,J,192
2012-12-01,K,13
2012-12-01,L,56
2012-12-01,M,171
2012-12-01,N,85
2012-12-01,P,6
2012-12-01,Q,28
2012-12-01,R,12
2012-12-01,S,50
2012-12-01,Z,13
2013-01-01,A,148
2013-01-01,B,91
2013-01-01,C,3887
2013-01-01,D,26
2013-01-01,E,7
2013-01-01,F,127
2013-01-01,G,3840
2013-01-01,H,156
2013-01-01,I,13
2013-01-01,J,181
2013-01-01,K,19
2013-01-01,L,33
2013-01-01,M,162
2013-01-01,N,91
2013-01-01,P,4
2013-01-01,Q,27
2013-01-01,R,8
2013-01-01,S,60
2013-01-01,Z,11
2013-02-01,A,104
2013-02-01,B,84
2013-02-01,C,3623
2013-02-01,D,25
2013-02-01,E,6
2013-02-01,F,116
2013-02-01,G,3677
2013-02-01,H,146
2013-02-01,I,9
2013-02-01,J,155
2013-02-01,K,15
2013-02-01,L,27
2013-02-01,M,158
2013-02-01,N,76
2013-02-01,P,3
2013-02-01,Q,26
2013-02-01,R,11
2013-02-01,S,46
2013-02-01,Z,8
2013-03-01,A,126
2013-03-01,B,99
2013-03-01,C,3646
2013-03-01,D,33
2013-03-01,E,7
2013-03-01,F,137
2013-03-01,G,3743
2013-03-01,H,153
2013-03-01,I,13
2013-03-01,J,178
2013-03-01,K,13
2013-03-01,L,43
2013-03-01,M,151
2013-03-01,N,74
2013-03-01,P,4
2013-03-01,Q,28
2013-03-01,R,15
2013-03-01,S,43
2013-03-01,Z,9
2013-04-01,A,106
2013-04-01,B,95
2013-04-01,C,3642
2013-04-01,D,26
2013-04-01,E,8
2013-04-01,F,117
2013-04-01,G,3510
2013-04-01,H,137
2013-04-01,I,12
2013-04-01,J,160
2013-04-01,K,13
2013-04-01,L,30
2013-04-01,M,149
2013-04-01,N,80
2013-04-01,P,4
2013-04-01,Q,27
2013-04-01,R,13
2013-04-01,S,33
2013-04-01,Z,8
2013-05-01,A,135
2013-05-01,B,82
2013-05-01,C,3744
2013-05-01,D,29
2013-05-01,E,11
2013-05-01,F,127
2013-05-01,G,3551
2013-05-01,H,141
2013-05-01,I,9
2013-05-01,J,157
2013-05-01,K,15
2013-05-01,L,28
2013-05-01,M,162
2013-05-01,N,87
2013-05-01,P,3
2013-05-01,Q,31
2013-05-01,R,11
2013-05-01,S,41
2013-05-01,Z,8
2013-06-01,A,130
2013-06-01,B,80
2013-06-01,C,3514
2013-06-01,D,23
2013-06-01,E,8
2013-06-01,F,117
2013-06-01,G,3449
2013-06-01,H,162
2013-06-01,I,11
2013-06-01,J,170
2013-06-01,K,15
2013-06-01,L,33
2013-06-01,M,143
2013-06-01,N,77
2013-06-01,P,3
2013-06-01,Q,26
2013-06-01,R,16
2013-06-01,S,37
2013-06-01,Z,4
2013-07-01,A,142
2013-07-01,B,90
2013-07-01,C,3842
2013-07-01,D,24
2013-07-01,E,8
2013-07-01,F,130
2013-07-01,G,3629
2013-07-01,H,157
2013-07-01,I,10
2013-07-01,J,173
2013-07-01,K,12
2013-07-01,L,36
2013-07-01,M,155
2013-07-01,N,66
2013-07-01,P,6
2013-07-01,Q,28
2013-07-01,R,15
2013-07-01,S,54
2013-07-01,Z,6
2013-08-01,A,123
2013-08-01,B,93
2013-08-01,C,3755
2013-08-01,D,22
2013-08-01,E,8
2013-08-01,F,144
2013-08-01,G,3580
2013-08-01,H,155
2013-08-01,I,7
2013-08-01,J,170
2013-08-01,K,16
2013-08-01,L,29
2013-08-01,M,174
2013-08-01,N,81
2013-08-01,P,3
2013-08-01,Q,36
2013-08-01,R,19
2013-08-01,S,50
2013-08-01,Z,7
2013-09-01,A,115
2013-09-01,B,94
2013-09-01,C,3785
2013-09-01,D,31
2013-09-01,E,12
2013-09-01,F,142
2013-09-01,G,3596
2013-09-01,H,160
2013-09-01,I,9
2013-09-01,J,170
2013-09-01,K,12
2013-09-01,L,28
2013-09-01,M,162
2013-09-01,N,70
2013-09-01,P,3
2013-09-01,Q,33
2013-09-01,R,17
2013-09-01,S,36
2013-09-01,Z,6
2013-10-01,A,140
2013-10-01,B,95
2013-10-01,C,4017
2013-10-01,D,32
2013-10-01,E,8
2013-10-01,F,150
2013-10-01,G,3899
2013-10-01,H,168
2013-10-01,I,9
2013-10-01,J,182
2013-10-01,K,17
2013-10-01,L,32
2013-10-01,M,169
2013-10-01,N,83
2013-10-01,P,5
2013-10-01,Q,30
2013-10-01,R,9
2013-10-01,S,54
2013-10-01,Z,11
2013-11-01,A,116
2013-11-01,B,85
2013-11-01,C,3769
2013-11-01,D,23
2013-11-01,E,6
2013-11-01,F,141
2013-11-01,G,3729
2013-11-01,H,165
2013-11-01,I,9
2013-11-01,J,175
2013-11-01,K,19
2013-11-01,L,37
2013-11-01,M,177
2013-11-01,N,85
2013-11-01,P,4
2013-11-01,Q,30
2013-11-01,R,10
2013-11-01,S,44
2013-11-01,Z,5
2013-12-01,A,128
2013-12-01,B,96
2013-12-01,C,3743
2013-12-01,D,24
2013-12-01,E,6
2013-12-01,F,131
2013-12-01,G,3622
2013-12-01,H,146
2013-12-01,I,12
2013-12-01,J,148
2013-12-01,K,16
2013-12-01,L,37
2013-12-01,M,152
2013-12-01,N,69
2013-12-01,P,7
2013-12-01,Q,29
2013-12-01,R,11
2013-12-01,S,53
2013-12-01,Z,6
2014-01-01,A,135
2014-01-01,B,84
2014-01-01,C,3883
2014-01-01,D,32
2014-01-01,E,6
2014-01-01,F,145
2014-01-01,G,3782
2014-01-01,H,164
2014-01-01,I,7
2014-01-01,J,167
2014-01-01,K,15
2014-01-01,L,27
2014-01-01,M,167
2014-01-01,N,79
2014-01-01,P,4
2014-01-01,Q,34
2014-01-01,R,14
2014-01-01,S,48
2014-01-01,Z,5
2014-02-01,A,126
2014-02-01,B,86
2014-02-01,C,3598
2014-02-01,D,30
2014-02-01,E,7
2014-02-01,F,128
2014-02-01,G,3365
2014-02-01,H,140
2014-02-01,I,6
2014-02-01,J,142
2014-02-01,K,13
2014-02-01,L,23
2014-02-01,M,158
2014-02-01,N,69
2014-02-01,P,7
2014-02-01,Q,30
2014-02-01,R,8
2014-02-01,S,44
2014-02-01,Z,6
2014-03-01,A,114
2014-03-01,B,89
2014-03-01,C,3568
2014-03-01,D,31
2014-03-01,E,8
2014-03-01,F,115
2014-03-01,G,3372
2014-03-01,H,132
2014-03-01,I,8
2014-03-01,J,147
2014-03-01,K,15
2014-03-01,L,27
2014-03-01,M,145
2014-03-01,N,71
2014-03-01,P,4
2014-03-01,Q,29
2014-03-01,R,10
2014-03-01,S,31
2014-03-01,Z,6
2014-04-01,A,114
2014-04-01,B,83
2014-04-01,C,3723
2014-04-01,D,31
2014-04-01,E,7
2014-04-01,F,136
2014-04-01,G,3479
2014-04-01,H,154
2014-04-01,I,9
2014-04-01,J,169
2014-04-01,K,18
2014-04-01,L,27
2014-04-01,M,146
2014-04-01,N,70
2014-04-01,P,5
2014-04-01,Q,27
2014-04-01,R,10
2014-04-01,S,39
2014-04-01,Z,10
2014-05-01,A,108
2014-05-01,B,92
2014-05-01,C,3755
2014-05-01,D,31
2014-05-01,E,3
2014-05-01,F,130
2014-05-01,G,3532
2014-05-01,H,140
2014-05-01,I,10
2014-05-01,J,147
2014-05-01,K,14
2014-05-01,L,30
2014-05-01,M,158
2014-05-01,N,65
2014-05-01,P,5
2014-05-01,Q,27
2014-05-01,R,11
2014-05-01,S,42
2014-05-01,Z,4
2014-06-01,A,100
2014-06-01,B,91
2014-06-01,C,3648
2014-06-01,D,26
2014-06-01,E,7
2014-06-01,F,122
2014-06-01,G,3466
2014-06-01,H,139
2014-06-01,I,10
2014-06-01,J,161
2014-06-01,K,12
2014-06-01,L,25
2014-06-01,M,152
2014-06-01,N,70
2014-06-01,P,5
2014-06-01,Q,24
2014-06-01,R,13
2014-06-01,S,42
2014-06-01,Z,11
2014-07-01,A,108
2014-07-01,B,88
2014-07-01,C,3893
2014-07-01,D,28
2014-07-01,E,6
2014-07-01,F,124
2014-07-01,G,3727
2014-07-01,H,151
2014-07-01,I,7
2014-07-01,J,169
2014-07-01,K,14
2014-07-01,L,27
2014-07-01,M,167
2014-07-01,N,76
2014-07-01,P,5
2014-07-01,Q,23
2014-07-01,R,9
2014-07-01,S,44
2014-07-01,Z,6
2014-08-01,A,91
2014-08-01,B,87
2014-08-01,C,3641
2014-08-01,D,30
2014-08-01,E,9
2014-08-01,F,113
2014-08-01,G,3593
2014-08-01,H,120
2014-08-01,I,9
2014-08-01,J,143
2014-08-01,K,9
2014-08-01,L,24
2014-08-01,M,144
2014-08-01,N,72
2014-08-01,P,-99
2014-08-01,Q,28
2014-08-01,R,4
2014-08-01,S,44
2014-08-01,Z,4
2014-09-01,A,103
2014-09-01,B,75
2014-09-01,C,3807
2014-09-01,D,31
2014-09-01,E,10
2014-09-01,F,141
2014-09-01,G,3629
2014-09-01,H,141
2014-09-01,I,9
2014-09-01,J,139
2014-09-01,K,9
2014-09-01,L,23
2014-09-01,M,141
2014-09-01,N,66
2014-09-01,P,3
2014-09-01,Q,27
2014-09-01,R,13
2014-09-01,S,42
2014-09-01,Z,5
2014-10-01,A,138
2014-10-01,B,94
2014-10-01,C,3842
2014-10-01,D,32
2014-10-01,E,8
2014-10-01,F,137
2014-10-01,G,3699
2014-10-01,H,151
2014-10-01,I,7
2014-10-01,J,153
2014-10-01,K,12
2014-10-01,L,30
2014-10-01,M,157
2014-10-01,N,77
2014-10-01,P,3
2014-10-01,Q,33
2014-10-01,R,11
2014-10-01,S,39
2014-10-01,Z,8
2014-11-01,A,98
2014-11-01,B,90
2014-11-01,C,3604
2014-11-01,D,26
2014-11-01,E,7
2014-11-01,F,115
2014-11-01,G,3330
2014-11-01,H,142
2014-11-01,I,8
2014-11-01,J,142
2014-11-01,K,9
2014-11-01,L,24
2014-11-01,M,138
2014-11-01,N,71
2014-11-01,P,3
2014-11-01,Q,24
2014-11-01,R,13
2014-11-01,S,31
2014-11-01,Z,3
2014-12-01,A,128
2014-12-01,B,93
2014-12-01,C,3694
2014-12-01,D,30
2014-12-01,E,8
2014-12-01,F,111
2014-12-01,G,3474
2014-12-01,H,131
2014-12-01,I,6
2014-12-01,J,149
2014-12-01,K,8
2014-12-01,L,32
2014-12-01,M,133
2014-12-01,N,67
2014-12-01,P,3
2014-12-01,Q,26
2014-12-01,R,6
2014-12-01,S,40
2014-12-01,Z,8
2015-01-01,A,112
2015-01-01,B,86
2015-01-01,C,3696
2015-01-01,D,32
2015-01-01,E,9
2015-01-01,F,114
2015-01-01,G,3444
2015-01-01,H,135
2015-01-01,I,8
2015-01-01,J,128
2015-01-01,K,6
2015-01-01,L,23
2015-01-01,M,148
2015-01-01,N,64
2015-01-01,P,-99
2015-01-01,Q,28
2015-01-01,R,5
2015-01-01,S,38
2015-01-01,Z,-99
2015-02-01,A,107
2015-02-01,B,78
2015-02-01,C,3391
2015-02-01,D,35
2015-02-01,E,12
2015-02-01,F,99
2015-02-01,G,3112
2015-02-01,H,120
2015-02-01,I,6
2015-02-01,J,125
2015-02-01,K,10
2015-02-01,L,19
2015-02-01,M,131
2015-02-01,N,65
2015-02-01,P,-99
2015-02-01,Q,22
2015-02-01,R,15
2015-02-01,S,35
2015-02-01,Z,3
2015-03-01,A,112
2015-03-01,B,77
2015-03-01,C,3621
2015-03-01,D,27
2015-03-01,E,7
2015-03-01,F,119
2015-03-01,G,3467
2015-03-01,H,137
2015-03-01,I,8
2015-03-01,J,131
2015-03-01,K,11
2015-03-01,L,18
2015-03-01,M,134
2015-03-01,N,73
2015-03-01,P,-99
2015-03-01,Q,29
2015-03-01,R,13
2015-03-01,S,40
2015-03-01,Z,5
2015-04-01,A,112
2015-04-01,B,89
2015-04-01,C,3702
2015-04-01,D,31
2015-04-01,E,8
2015-04-01,F,138
2015-04-01,G,3398
2015-04-01,H,136
2015-04-01,I,9
2015-04-01,J,148
2015-04-01,K,10
2015-04-01,L,24
2015-04-01,M,145
2015-04-01,N,77
2015-04-01,P,-99
2015-04-01,Q,34
2015-04-01,R,8
2015-04-01,S,43
2015-04-01,Z,-99
2015-05-01,A,97
2015-05-01,B,82
2015-05-01,C,3593
2015-05-01,D,30
2015-05-01,E,8
2015-05-01,F,119
2015-05-01,G,3403
2015-05-01,H,127
2015-05-01,I,9
2015-05-01,J,138
2015-05-01,K,10
2015-05-01,L,26
2015-05-01,M,142
2015-05-01,N,71
2015-05-01,P,3
2015-05-01,Q,24
2015-05-01,R,7
2015-05-01,S,31
2015-05-01,Z,7
2015-06-01,A,116
2015-06-01,B,88
2015-06-01,C,3930
2015-06-01,D,30
2015-06-01,E,7
2015-06-01,F,119
2015-06-01,G,3747
2015-06-01,H,150
2015-06-01,I,6
2015-06-01,J,153
2015-06-01,K,7
2015-06-01,L,29
2015-06-01,M,155
2015-06-01,N,69
2015-06-01,P,4
2015-06-01,Q,31
2015-06-01,R,14
2015-06-01,S,48
2015-06-01,Z,4
2015-07-01,A,87
2015-07-01,B,91
2015-07-01,C,3967
2015-07-01,D,30
2015-07-01,E,11
2015-07-01,F,145
2015-07-01,G,3893
2015-07-01,H,135
2015-07-01,I,9
2015-07-01,J,183
2015-07-01,K,12
2015-07-01,L,30
2015-07-01,M,158
2015-07-01,N,76
2015-07-01,P,3
2015-07-01,Q,29
2015-07-01,R,14
2015-07-01,S,52
2015-07-01,Z,5
2015-08-01,A,108
2015-08-01,B,84
2015-08-01,C,4000
2015-08-01,D,30
2015-08-01,E,10
2015-08-01,F,126
2015-08-01,G,3771
2015-08-01,H,150
2015-08-01,I,7
2015-08-01,J,148
2015-08-01,K,13
2015-08-01,L,30
2015-08-01,M,144
2015-08-01,N,79
2015-08-01,P,-99
2015-08-01,Q,31
2015-08-01,R,9
2015-08-01,S,43
2015-08-01,Z,3
2015-09-01,A,112
2015-09-01,B,97
2015-09-01,C,3952
2015-09-01,D,30
2015-09-01,E,11
2015-09-01,F,128
2015-09-01,G,3775
2015-09-01,H,143
2015-09-01,I,6
2015-09-01,J,157
2015-09-01,K,13
2015-09-01,L,30
2015-09-01,M,141
2015-09-01,N,85
2015-09-01,P,-99
2015-09-01,Q,32
2015-09-01,R,10
2015-09-01,S,51
2015-09-01,Z,-99
2015-10-01,A,125
2015-10-01,B,90
2015-10-01,C,4023
2015-10-01,D,38
2015-10-01,E,7
2015-10-01,F,145
2015-10-01,G,3699
2015-10-01,H,150
2015-10-01,I,6
2015-10-01,J,162
2015-10-01,K,7
2015-10-01,L,25
2015-10-01,M,143
2015-10-01,N,86
2015-10-01,P,-99
2015-10-01,Q,31
2015-10-01,R,8
2015-10-01,S,41
2015-10-01,Z,5
2015-11-01,A,105
2015-11-01,B,85
2015-11-01,C,3914
2015-11-01,D,31
2015-11-01,E,8
2015-11-01,F,132
2015-11-01,G,3574
2015-11-01,H,135
2015-11-01,I,8
2015-11-01,J,151
2015-11-01,K,10
2015-11-01,L,25
2015-11-01,M,140
2015-11-01,N,67
2015-11-01,P,3
2015-11-01,Q,30
2015-11-01,R,10
2015-11-01,S,36
2015-11-01,Z,5
2015-12-01,A,114
2015-12-01,B,79
2015-12-01,C,4007
2015-12-01,D,26
2015-12-01,E,7
2015-12-01,F,143
2015-12-01,G,3631
2015-12-01,H,131
2015-12-01,I,9
2015-12-01,J,143
2015-12-01,K,7
2015-12-01,L,30
2015-12-01,M,133
2015-12-01,N,73
2015-12-01,P,-99
2015-12-01,Q,32
2015-12-01,R,8
2015-12-01,S,33
2015-12-01,Z,7
2016-01-01,A,105
2016-01-01,B,88
2016-01-01,C,3792
2016-01-01,D,29
2016-01-01,E,8
2016-01-01,F,118
2016-01-01,G,3390
2016-01-01,H,127
2016-01-01,I,6
2016-01-01,J,130
2016-01-01,K,13
2016-01-01,L,23
2016-01-01,M,140
2016-01-01,N,67
2016-01-01,P,-99
2016-01-01,Q,28
2016-01-01,R,18
2016-01-01,S,51
2016-01-01,Z,3
2016-02-01,A,109
2016-02-01,B,89
2016-02-01,C,3630
2016-02-01,D,28
2016-02-01,E,8
2016-02-01,F,110
2016-02-01,G,3423
2016-02-01,H,131
2016-02-01,I,7
2016-02-01,J,151
2016-02-01,K,13
2016-02-01,L,23
2016-02-01,M,135
2016-02-01,N,75
2016-02-01,P,4
2016-02-01,Q,32
2016-02-01,R,14
2016-02-01,S,45
2016-02-01,Z,-99
2016-03-01,A,107
2016-03-01,B,94
2016-03-01,C,4002
2016-03-01,D,33
2016-03-01,E,7
2016-03-01,F,107
2016-03-01,G,3805
2016-03-01,H,149
2016-03-01,I,6
2016-03-01,J,157
2016-03-01,K,11
2016-03-01,L,24
2016-03-01,M,161
2016-03-01,N,79
2016-03-01,P,3
2016-03-01,Q,20
2016-03-01,R,13
2016-03-01,S,47
2016-03-01,Z,4
2016-04-01,A,129
2016-04-01,B,92
2016-04-01,C,3797
2016-04-01,D,30
2016-04-01,E,15
2016-04-01,F,130
2016-04-01,G,3636
2016-04-01,H,147
2016-04-01,I,7
2016-04-01,J,157
2016-04-01,K,13
2016-04-01,L,16
2016-04-01,M,150
2016-04-01,N,80
2016-04-01,P,5
2016-04-01,Q,36
2016-04-01,R,12
2016-04-01,S,40
2016-04-01,Z,5
2016-05-01,A,136
2016-05-01,B,96
2016-05-01,C,3957
2016-05-01,D,35
2016-05-01,E,8
2016-05-01,F,128
2016-05-01,G,3980
2016-05-01,H,157
2016-05-01,I,11
2016-05-01,J,159
2016-05-01,K,9
2016-05-01,L,23
2016-05-01,M,156
2016-05-01,N,88
2016-05-01,P,5
2016-05-01,Q,36
2016-05-01,R,14
2016-05-01,S,40
2016-05-01,Z,-99
2016-06-01,A,124
2016-06-01,B,87
2016-06-01,C,3862
2016-06-01,D,37
2016-06-01,E,7
2016-06-01,F,125
2016-06-01,G,4012
2016-06-01,H,165
2016-06-01,I,13
2016-06-01,J,145
2016-06-01,K,10
2016-06-01,L,21
2016-06-01,M,139
2016-06-01,N,91
2016-06-01,P,-99
2016-06-01,Q,28
2016-06-01,R,14
2016-06-01,S,51
2016-06-01,Z,-99
2016-07-01,A,122
2016-07-01,B,94
2016-07-01,C,3795
2016-07-01,D,34
2016-07-01,E,9
2016-07-01,F,144
2016-07-01,G,3878
2016-07-01,H,166
2016-07-01,I,9
2016-07-01,J,174
2016-07-01,K,8
2016-07-01,L,16
2016-07-01,M,146
2016-07-01,N,93
2016-07-01,P,3
2016-07-01,Q,30
2016-07-01,R,19
2016-07-01,S,39
2016-07-01,Z,3
2016-08-01,A,139
2016-08-01,B,92
2016-08-01,C,4111
2016-08-01,D,32
2016-08-01,E,13
2016-08-01,F,148
2016-08-01,G,4247
2016-08-01,H,166
2016-08-01,I,10
2016-08-01,J,181
2016-08-01,K,11
2016-08-01,L,19
2016-08-01,M,155
2016-08-01,N,104
2016-08-01,P,3
2016-08-01,Q,33
2016-08-01,R,23
2016-08-01,S,45
2016-08-01,Z,-99
2016-09-01,A,126
2016-09-01,B,98
2016-09-01,C,4073
2016-09-01,D,37
2016-09-01,E,12
2016-09-01,F,146
2016-09-01,G,4204
2016-09-01,H,168
2016-09-01,I,13
2016-09-01,J,178
2016-09-01,K,11
2016-09-01,L,17
2016-09-01,M,167
2016-09-01,N,105
2016-09-01,P,-99
2016-09-01,Q,28
2016-09-01,R,21
2016-09-01,S,53
2016-09-01,Z,5
2016-10-01,A,157
2016-10-01,B,91
2016-10-01,C,3969
2016-10-01,D,34
2016-10-01,E,10
2016-10-01,F,162
2016-10-01,G,4223
2016-10-01,H,165
2016-10-01,I,11
2016-10-01,J,172
2016-10-01,K,13
2016-10-01,L,21
2016-10-01,M,155
2016-10-01,N,89
2016-10-01,P,3
2016-10-01,Q,27
2016-10-01,R,23
2016-10-01,S,46
2016-10-01,Z,3
2016-11-01,A,155
2016-11-01,B,100
2016-11-01,C,4027
2016-11-01,D,33
2016-11-01,E,8
2016-11-01,F,159
2016-11-01,G,4211
2016-11-01,H,162
2016-11-01,I,15
2016-11-01,J,184
2016-11-01,K,13
2016-11-01,L,28
2016-11-01,M,162
2016-11-01,N,102
2016-11-01,P,3
2016-11-01,Q,34
2016-11-01,R,19
2016-11-01,S,41
2016-11-01,Z,4
2016-12-01,A,157
2016-12-01,B,110
2016-12-01,C,4311
2016-12-01,D,37
2016-12-01,E,9
2016-12-01,F,162
2016-12-01,G,4502
2016-12-01,H,192
2016-12-01,I,14
2016-12-01,J,172
2016-12-01,K,10
2016-12-01,L,23
2016-12-01,M,177
2016-12-01,N,104
2016-12-01,P,3
2016-12-01,Q,36
2016-12-01,R,17
2016-12-01,S,51
2016-12-01,Z,3
2017-01-01,A,142
2017-01-01,B,102
2017-01-01,C,4111
2017-01-01,D,34
2017-01-01,E,6
2017-01-01,F,170
2017-01-01,G,4173
2017-01-01,H,186
2017-01-01,I,13
2017-01-01,J,173
2017-01-01,K,15
2017-01-01,L,17
2017-01-01,M,174
2017-01-01,N,94
2017-01-01,P,3
2017-01-01,Q,38
2017-01-01,R,20
2017-01-01,S,48
2017-01-01,Z,5
2017-02-01,A,135
2017-02-01,B,110
2017-02-01,C,3668
2017-02-01,D,34
2017-02-01,E,11
2017-02-01,F,142
2017-02-01,G,3844
2017-02-01,H,149
2017-02-01,I,12
2017-02-01,J,158
2017-02-01,K,10
2017-02-01,L,14
2017-02-01,M,156
2017-02-01,N,90
2017-02-01,P,7
2017-02-01,Q,31
2017-02-01,R,22
2017-02-01,S,42
2017-02-01,Z,-99
2017-03-01,A,155
2017-03-01,B,106
2017-03-01,C,4139
2017-03-01,D,34
2017-03-01,E,13
2017-03-01,F,173
2017-03-01,G,4349
2017-03-01,H,193
2017-03-01,I,11
2017-03-01,J,187
2017-03-01,K,12
2017-03-01,L,15
2017-03-01,M,169
2017-03-01,N,103
2017-03-01,P,4
2017-03-01,Q,35
2017-03-01,R,20
2017-03-01,S,47
2017-03-01,Z,6
2017-04-01,A,137
2017-04-01,B,100
2017-04-01,C,3855
2017-04-01,D,40
2017-04-01,E,13
2017-04-01,F,180
2017-04-01,G,3982
2017-04-01,H,171
2017-04-01,I,12
2017-04-01,J,170
2017-04-01,K,13
2017-04-01,L,12
2017-04-01,M,155
2017-04-01,N,96
2017-04-01,P,5
2017-04-01,Q,34
2017-04-01,R,17
2017-04-01,S,38
2017-04-01,Z,-99
2017-05-01,A,134
2017-05-01,B,110
2017-05-01,C,4171
2017-05-01,D,42
2017-05-01,E,12
2017-05-01,F,184
2017-05-01,G,4442
2017-05-01,H,176
2017-05-01,I,13
2017-05-01,J,185
2017-05-01,K,12
2017-05-01,L,26
2017-05-01,M,190
2017-05-01,N,98
2017-05-01,P,-99
2017-05-01,Q,36
2017-05-01,R,14
2017-05-01,S,46
2017-05-01,Z,3
2017-06-01,A,130
2017-06-01,B,107
2017-06-01,C,4172
2017-06-01,D,35
2017-06-01,E,13
2017-06-01,F,172
2017-06-01,G,4410
2017-06-01,H,196
2017-06-01,I,17
2017-06-01,J,187
2017-06-01,K,11
2017-06-01,L,23
2017-06-01,M,181
2017-06-01,N,98
2017-06-01,P,4
2017-06-01,Q,39
2017-06-01,R,15
2017-06-01,S,51
2017-06-01,Z,-99
2017-07-01,A,133
2017-07-01,B,103
2017-07-01,C,4269
2017-07-01,D,46
2017-07-01,E,12
2017-07-01,F,194
2017-07-01,G,4476
2017-07-01,H,197
2017-07-01,I,13
2017-07-01,J,182
2017-07-01,K,15
2017-07-01,L,20
2017-07-01,M,204
2017-07-01,N,105
2017-07-01,P,4
2017-07-01,Q,35
2017-07-01,R,24
2017-07-01,S,45
2017-07-01,Z,5
2017-08-01,A,141
2017-08-01,B,107
2017-08-01,C,4570
2017-08-01,D,39
2017-08-01,E,13
2017-08-01,F,219
2017-08-01,G,4768
2017-08-01,H,197
2017-08-01,I,15
2017-08-01,J,201
2017-08-01,K,13
2017-08-01,L,19
2017-08-01,M,187
2017-08-01,N,127
2017-08-01,P,4
2017-08-01,Q,38
2017-08-01,R,23
2017-08-01,S,50
2017-08-01,Z,9
2017-09-01,A,159
2017-09-01,B,115
2017-09-01,C,4345
2017-09-01,D,43
2017-09-01,E,13
2017-09-01,F,199
2017-09-01,G,4749
2017-09-01,H,203
2017-09-01,I,14
2017-09-01,J,204
2017-09-01,K,12
2017-09-01,L,24
2017-09-01,M,177
2017-09-01,N,107
2017-09-01,P,5
2017-09-01,Q,37
2017-09-01,R,27
2017-09-01,S,63
2017-09-01,Z,4
2017-10-01,A,169
2017-10-01,B,104
2017-10-01,C,4486
2017-10-01,D,47
2017-10-01,E,10
2017-10-01,F,197
2017-10-01,G,4844
2017-10-01,H,195
2017-10-01,I,13
2017-10-01,J,194
2017-10-01,K,12
2017-10-01,L,18
2017-10-01,M,199
2017-10-01,N,114
2017-10-01,P,5
2017-10-01,Q,43
2017-10-01,R,24
2017-10-01,S,70
2017-10-01,Z,5
2017-11-01,A,161
2017-11-01,B,125
2017-11-01,C,4495
2017-11-01,D,40
2017-11-01,E,14
2017-11-01,F,204
2017-11-01,G,4756
2017-11-01,H,217
2017-11-01,I,15
2017-11-01,J,208
2017-11-01,K,12
2017-11-01,L,25
2017-11-01,M,186
2017-11-01,N,127
2017-11-01,P,-99
2017-11-01,Q,39
2017-11-01,R,27
2017-11-01,S,50
2017-11-01,Z,5
2017-12-01,A,170
2017-12-01,B,112
2017-12-01,C,4414
2017-12-01,D,42
2017-12-01,E,10
2017-12-01,F,211
2017-12-01,G,4840
2017-12-01,H,207
2017-12-01,I,19
2017-12-01,J,191
2017-12-01,K,11
2017-12-01,L,22
2017-12-01,M,171
2017-12-01,N,109
2017-12-01,P,5
2017-12-01,Q,41
2017-12-01,R,28
2017-12-01,S,58
2017-12-01,Z,4
2018-01-01,A,151
2018-01-01,B,116
2018-01-01,C,4510
2018-01-01,D,42
2018-01-01,E,13
2018-01-01,F,237
2018-01-01,G,4737
2018-01-01,H,215
2018-01-01,I,10
2018-01-01,J,197
2018-01-01,K,15
2018-01-01,L,20
2018-01-01,M,192
2018-01-01,N,103
2018-01-01,P,5
2018-01-01,Q,35
2018-01-01,R,30
2018-01-01,S,68
2018-01-01,Z,7
2018-02-01,A,145
2018-02-01,B,115
2018-02-01,C,4084
2018-02-01,D,39
2018-02-01,E,15
2018-02-01,F,203
2018-02-01,G,4358
2018-02-01,H,170
2018-02-01,I,17
2018-02-01,J,173
2018-02-01,K,11
2018-02-01,L,22
2018-02-01,M,161
2018-02-01,N,119
2018-02-01,P,5
2018-02-01,Q,28
2018-02-01,R,18
2018-02-01,S,58
2018-02-01,Z,5
2018-03-01,A,179
2018-03-01,B,105
2018-03-01,C,4224
2018-03-01,D,46
2018-03-01,E,9
2018-03-01,F,194
2018-03-01,G,4508
2018-03-01,H,183
2018-03-01,I,19
2018-03-01,J,191
2018-03-01,K,11
2018-03-01,L,17
2018-03-01,M,164
2018-03-01,N,95
2018-03-01,P,8
2018-03-01,Q,37
2018-03-01,R,23
2018-03-01,S,58
2018-03-01,Z,-99
2018-04-01,A,173
2018-04-01,B,118
2018-04-01,C,4273
2018-04-01,D,41
2018-04-01,E,6
2018-04-01,F,200
2018-04-01,G,4460
2018-04-01,H,181
2018-04-01,I,18
2018-04-01,J,191
2018-04-01,K,12
2018-04-01,L,18
2018-04-01,M,176
2018-04-01,N,111
2018-04-01,P,5
2018-04-01,Q,35
2018-04-01,R,24
2018-04-01,S,48
2018-04-01,Z,5
2018-05-01,A,167
2018-05-01,B,124
2018-05-01,C,4434
2018-05-01,D,41
2018-05-01,E,12
2018-05-01,F,213
2018-05-01,G,4602
2018-05-01,H,193
2018-05-01,I,13
2018-05-01,J,198
2018-05-01,K,11
2018-05-01,L,20
2018-05-01,M,168
2018-05-01,N,110
2018-05-01,P,7
2018-05-01,Q,42
2018-05-01,R,20
2018-05-01,S,60
2018-05-01,Z,3
2018-06-01,A,144
2018-06-01,B,120
2018-06-01,C,4095
2018-06-01,D,39
2018-06-01,E,6
2018-06-01,F,184
2018-06-01,G,4280
2018-06-01,H,149
2018-06-01,I,12
2018-06-01,J,199
2018-06-01,K,9
2018-06-01,L,19
2018-06-01,M,146
2018-06-01,N,112
2018-06-01,P,7
2018-06-01,Q,42
2018-06-01,R,18
2018-06-01,S,42
2018-06-01,Z,-99
2018-07-01,A,152
2018-07-01,B,121
2018-07-01,C,4396
2018-07-01,D,36
2018-07-01,E,16
2018-07-01,F,216
2018-07-01,G,4662
2018-07-01,H,187
2018-07-01,I,14
2018-07-01,J,195
2018-07-01,K,13
2018-07-01,L,16
2018-07-01,M,176
2018-07-01,N,112
2018-07-01,P,5
2018-07-01,Q,36
2018-07-01,R,23
2018-07-01,S,55
2018-07-01,Z,6
2018-08-01,A,160
2018-08-01,B,129
2018-08-01,C,4278
2018-08-01,D,38
2018-08-01,E,10
2018-08-01,F,216
2018-08-01,G,4574
2018-08-01,H,204
2018-08-01,I,15
2018-08-01,J,174
2018-08-01,K,9
2018-08-01,L,20
2018-08-01,M,161
2018-08-01,N,126
2018-08-01,P,4
2018-08-01,Q,34
2018-08-01,R,32
2018-08-01,S,51
2018-08-01,Z,4
2018-09-01,A,127
2018-09-01,B,109
2018-09-01,C,3885
2018-09-01,D,36
2018-09-01,E,9
2018-09-01,F,173
2018-09-01,G,4028
2018-09-01,H,169
2018-09-01,I,11
2018-09-01,J,169
2018-09-01,K,8
2018-09-01,L,14
2018-09-01,M,146
2018-09-01,N,115
2018-09-01,P,8
2018-09-01,Q,30
2018-09-01,R,22
2018-09-01,S,37
2018-09-01,Z,7
2018-10-01,A,182
2018-10-01,B,107
2018-10-01,C,4114
2018-10-01,D,48
2018-10-01,E,11
2018-10-01,F,199
2018-10-01,G,4339
2018-10-01,H,189
2018-10-01,I,18
2018-10-01,J,174
2018-10-01,K,4
2018-10-01,L,20
2018-10-01,M,177
2018-10-01,N,101
2018-10-01,P,5
2018-10-01,Q,35
2018-10-01,R,23
2018-10-01,S,53
2018-10-01,Z,4
2018-11-01,A,167
2018-11-01,B,120
2018-11-01,C,3838
2018-11-01,D,44
2018-11-01,E,10
2018-11-01,F,174
2018-11-01,G,3995
2018-11-01,H,174
2018-11-01,I,13
2018-11-01,J,182
2018-11-01,K,7
2018-11-01,L,20
2018-11-01,M,158
2018-11-01,N,93
2018-11-01,P,4
2018-11-01,Q,33
2018-11-01,R,25
2018-11-01,S,47
2018-11-01,Z,3
2018-12-01,A,150
2018-12-01,B,108
2018-12-01,C,3816
2018-12-01,D,37
2018-12-01,E,7
2018-12-01,F,180
2018-12-01,G,3981
2018-12-01,H,178
2018-12-01,I,22
2018-12-01,J,160
2018-12-01,K,6
2018-12-01,L,19
2018-12-01,M,152
2018-12-01,N,100
2018-12-01,P,4
2018-12-01,Q,37
2018-12-01,R,18
2018-12-01,S,40
2018-12-01,Z,4
2019-01-01,A,164
2019-01-01,B,114
2019-01-01,C,3854
2019-01-01,D,48
2019-01-01,E,14
2019-01-01,F,189
2019-01-01,G,3927
2019-01-01,H,180
2019-01-01,I,10
2019-01-01,J,160
2019-01-01,K,6
2019-01-01,L,15
2019-01-01,M,168
2019-01-01,N,96
2019-01-01,P,3
2019-01-01,Q,32
2019-01-01,R,17
2019-01-01,S,43
2019-01-01,Z,3
2019-02-01,A,135
2019-02-01,B,113
2019-02-01,C,3652
2019-02-01,D,41
2019-02-01,E,7
2019-02-01,F,169
2019-02-01,G,3610
2019-02-01,H,147
2019-02-01,I,15
2019-02-01,J,158
2019-02-01,K,9
2019-02-01,L,12
2019-02-01,M,141
2019-02-01,N,96
2019-02-01,P,6
2019-02-01,Q,28
2019-02-01,R,16
2019-02-01,S,42
2019-02-01,Z,-99
2019-03-01,A,163
2019-03-01,B,113
2019-03-01,C,3754
2019-03-01,D,43
2019-03-01,E,12
2019-03-01,F,169
2019-03-01,G,3935
2019-03-01,H,156
2019-03-01,I,17
2019-03-01,J,157
2019-03-01,K,6
2019-03-01,L,14
2019-03-01,M,148
2019-03-01,N,95
2019-03-01,P,7
2019-03-01,Q,34
2019-03-01,R,23
2019-03-01,S,46
2019-03-01,Z,6
2019-04-01,A,132
2019-04-01,B,115
2019-04-01,C,3670
2019-04-01,D,44
2019-04-01,E,13
2019-04-01,F,181
2019-04-01,G,3611
2019-04-01,H,167
2019-04-01,I,13
2019-04-01,J,167
2019-04-01,K,6
2019-04-01,L,7
2019-04-01,M,133
2019-04-01,N,94
2019-04-01,P,4
2019-04-01,Q,25
2019-04-01,R,20
2019-04-01,S,46
2019-04-01,Z,3
2019-05-01,A,145
2019-05-01,B,104
2019-05-01,C,3953
2019-05-01,D,46
2019-05-01,E,17
2019-05-01,F,180
2019-05-01,G,4085
2019-05-01,H,170
2019-05-01,I,19
2019-05-01,J,165
2019-05-01,K,7
2019-05-01,L,14
2019-05-01,M,136
2019-05-01,N,113
2019-05-01,P,5
2019-05-01,Q,38
2019-05-01,R,21
2019-05-01,S,50
2019-05-01,Z,5
2019-06-01,A,135
2019-06-01,B,112
2019-06-01,C,3793
2019-06-01,D,52
2019-06-01,E,11
2019-06-01,F,175
2019-06-01,G,3930
2019-06-01,H,156
2019-06-01,I,14
2019-06-01,J,170
2019-06-01,K,-99
2019-06-01,L,17
2019-06-01,M,141
2019-06-01,N,100
2019-06-01,P,4
2019-06-01,Q,41
2019-06-01,R,20
2019-06-01,S,44
2019-06-01,Z,-99
2019-07-01,A,140
2019-07-01,B,110
2019-07-01,C,4066
2019-07-01,D,47
2019-07-01,E,15
2019-07-01,F,202
2019-07-01,G,4324
2019-07-01,H,192
2019-07-01,I,14
2019-07-01,J,169
2019-07-01,K,8
2019-07-01,L,11
2019-07-01,M,167
2019-07-01,N,114
2019-07-01,P,3
2019-07-01,Q,36
2019-07-01,R,29
2019-07-01,S,44
2019-07-01,Z,-99
2019-08-01,A,158
2019-08-01,B,114
2019-08-01,C,4102
2019-08-01,D,40
2019-08-01,E,17
2019-08-01,F,180
2019-08-01,G,4244
2019-08-01,H,181
2019-08-01,I,17
2019-08-01,J,168
2019-08-01,K,11
2019-08-01,L,12
2019-08-01,M,155
2019-08-01,N,123
2019-08-01,P,7
2019-08-01,Q,34
2019-08-01,R,24
2019-08-01,S,55
2019-08-01,Z,5
2019-09-01,A,139
2019-09-01,B,112
2019-09-01,C,3946
2019-09-01,D,52
2019-09-01,E,11
2019-09-01,F,168
2019-09-01,G,4108
2019-09-01,H,180
2019-09-01,I,14
2019-09-01,J,163
2019-09-01,K,7
2019-09-01,L,8
2019-09-01,M,134
2019-09-01,N,105
2019-09-01,P,5
2019-09-01,Q,38
2019-09-01,R,18
2019-09-01,S,44
2019-09-01,Z,-99
2019-10-01,A,171
2019-10-01,B,121
2019-10-01,C,4130
2019-10-01,D,53
2019-10-01,E,16
2019-10-01,F,167
2019-10-01,G,4442
2019-10-01,H,195
2019-10-01,I,16
2019-10-01,J,188
2019-10-01,K,4
2019-10-01,L,8
2019-10-01,M,155
2019-10-01,N,101
2019-10-01,P,3
2019-10-01,Q,34
2019-10-01,R,34
2019-10-01,S,52
2019-10-01,Z,3
2019-11-01,A,138
2019-11-01,B,105
2019-11-01,C,3711
2019-11-01,D,42
2019-11-01,E,9
2019-11-01,F,175
2019-11-01,G,3890
2019-11-01,H,182
2019-11-01,I,14
2019-11-01,J,167
2019-11-01,K,7
2019-11-01,L,16
2019-11-01,M,152
2019-11-01,N,93
2019-11-01,P,-99
2019-11-01,Q,35
2019-11-01,R,25
2019-11-01,S,44
2019-11-01,Z,5
2019-12-01,A,156
2019-12-01,B,117
2019-12-01,C,3925
2019-12-01,D,34
2019-12-01,E,16
2019-12-01,F,149
2019-12-01,G,4092
2019-12-01,H,172
2019-12-01,I,19
2019-12-01,J,142
2019-12-01,K,5
2019-12-01,L,15
2019-12-01,M,153
2019-12-01,N,101
2019-12-01,P,7
2019-12-01,Q,28
2019-12-01,R,18
2019-12-01,S,39
2019-12-01,Z,-99
2020-01-01,A,130
2020-01-01,B,108
2020-01-01,C,3933
2020-01-01,D,36
2020-01-01,E,15
2020-01-01,F,154
2020-01-01,G,3964
2020-01-01,H,172
2020-01-01,I,12
2020-01-01,J,138
2020-01-01,K,5
2020-01-01,L,14
2020-01-01,M,149
2020-01-01,N,95
2020-01-01,P,-99
2020-01-01,Q,25
2020-01-01,R,26
2020-01-01,S,49
2020-01-01,Z,4
2020-02-01,A,124
2020-02-01,B,108
2020-02-01,C,3490
2020-02-01,D,36
2020-02-01,E,9
2020-02-01,F,123
2020-02-01,G,3520
2020-02-01,H,139
2020-02-01,I,15
2020-02-01,J,113
2020-02-01,K,4
2020-02-01,L,8
2020-02-01,M,108
2020-02-01,N,88
2020-02-01,P,3
2020-02-01,Q,34
2020-02-01,R,10
2020-02-01,S,33
2020-02-01,Z,-99
2020-03-01,A,117
2020-03-01,B,95
2020-03-01,C,3357
2020-03-01,D,29
2020-03-01,E,9
2020-03-01,F,106
2020-03-01,G,3407
2020-03-01,H,132
2020-03-01,I,8
2020-03-01,J,114
2020-03-01,K,3
2020-03-01,L,14
2020-03-01,M,112
2020-03-01,N,77
2020-03-01,P,-99
2020-03-01,Q,23
2020-03-01,R,9
2020-03-01,S,34
2020-03-01,Z,-99
2020-04-01,A,107
2020-04-01,B,83
2020-04-01,C,2829
2020-04-01,D,34
2020-04-01,E,7
2020-04-01,F,99
2020-04-01,G,2770
2020-04-01,H,105
2020-04-01,I,10
2020-04-01,J,94
2020-04-01,K,3
2020-04-01,L,9
2020-04-01,M,72
2020-04-01,N,62
2020-04-01,P,-99
2020-04-01,Q,19
2020-04-01,R,8
2020-04-01,S,24
2020-05-01,A,110
2020-05-01,B,80
2020-05-01,C,3281
2020-05-01,D,31
2020-05-01,E,5
2020-05-01,F,110
2020-05-01,G,3266
2020-05-01,H,136
2020-05-01,I,8
2020-05-01,J,109
2020-05-01,K,3
2020-05-01,L,4
2020-05-01,M,108
2020-05-01,N,69
2020-05-01,P,3
2020-05-01,Q,27
2020-05-01,R,8
2020-05-01,S,34
2020-06-01,A,109
2020-06-01,B,83
2020-06-01,C,3257
2020-06-01,D,36
2020-06-01,E,7
2020-06-01,F,105
2020-06-01,G,3461
2020-06-01,H,148
2020-06-01,I,8
2020-06-01,J,117
2020-06-01,K,-99
2020-06-01,L,4
2020-06-01,M,110
2020-06-01,N,75
2020-06-01,P,-99
2020-06-01,Q,23
2020-06-01,R,8
2020-06-01,S,30
2020-07-01,A,137
2020-07-01,B,76
2020-07-01,C,3611
2020-07-01,D,40
2020-07-01,E,12
2020-07-01,F,104
2020-07-01,G,3750
2020-07-01,H,176
2020-07-01,I,10
2020-07-01,J,121
2020-07-01,K,4
2020-07-01,L,7
2020-07-01,M,116
2020-07-01,N,81
2020-07-01,P,5
2020-07-01,Q,29
2020-07-01,R,10
2020-07-01,S,41
2020-07-01,Z,3
2020-08-01,A,154
2020-08-01,B,83
2020-08-01,C,3749
2020-08-01,D,31
2020-08-01,E,9
2020-08-01,F,102
2020-08-01,G,3941
2020-08-01,H,173
2020-08-01,I,11
2020-08-01,J,130
2020-08-01,K,6
2020-08-01,L,7
2020-08-01,M,123
2020-08-01,N,94
2020-08-01,P,6
2020-08-01,Q,30
2020-08-01,R,5
2020-08-01,S,35
2020-09-01,A,182
2020-09-01,B,98
2020-09-01,C,4098
2020-09-01,D,37
2020-09-01,E,8
2020-09-01,F,142
2020-09-01,G,4298
2020-09-01,H,184
2020-09-01,I,14
2020-09-01,J,133
2020-09-01,K,3
2020-09-01,L,8
2020-09-01,M,140
2020-09-01,N,94
2020-09-01,P,4
2020-09-01,Q,30
2020-09-01,R,9
2020-09-01,S,43
2020-09-01,Z,-99
2020-10-01,A,184
2020-10-01,B,97
2020-10-01,C,4092
2020-10-01,D,35
2020-10-01,E,13
2020-10-01,F,140
2020-10-01,G,4305
2020-10-01,H,201
2020-10-01,I,14
2020-10-01,J,154
2020-10-01,K,4
2020-10-01,L,12
2020-10-01,M,140
2020-10-01,N,105
2020-10-01,P,4
2020-10-01,Q,29
2020-10-01,R,15
2020-10-01,S,38
2020-11-01,A,174
2020-11-01,B,89
2020-11-01,C,4202
2020-11-01,D,44
2020-11-01,E,12
2020-11-01,F,124
2020-11-01,G,4431
2020-11-01,H,203
2020-11-01,I,14
2020-11-01,J,140
2020-11-01,K,5
2020-11-01,L,16
2020-11-01,M,156
2020-11-01,N,97
2020-11-01,P,-99
2020-11-01,Q,28
2020-11-01,R,17
2020-11-01,S,49
2020-11-01,Z,3
2020-12-01,A,163
2020-12-01,B,94
2020-12-01,C,4414
2020-12-01,D,30
2020-12-01,E,10
2020-12-01,F,153
2020-12-01,G,4662
2020-12-01,H,209
2020-12-01,I,15
2020-12-01,J,153
2020-12-01,K,3
2020-12-01,L,18
2020-12-01,M,151
2020-12-01,N,114
2020-12-01,P,5
2020-12-01,Q,38
2020-12-01,R,13
2020-12-01,S,46
2020-12-01,Z,-99
2021-01-01,A,138
2021-01-01,B,95
2021-01-01,C,4167
2021-01-01,D,34
2021-01-01,E,14
2021-01-01,F,137
2021-01-01,G,4373
2021-01-01,H,197
2021-01-01,I,7
2021-01-01,J,138
2021-01-01,K,4
2021-01-01,L,12
2021-01-01,M,166
2021-01-01,N,108
2021-01-01,P,4
2021-01-01,Q,26
2021-01-01,R,14
2021-01-01,S,40
2021-01-01,Z,-99
2021-02-01,A,131
2021-02-01,B,91
2021-02-01,C,3989
2021-02-01,D,33
2021-02-01,E,11
2021-02-01,F,128
2021-02-01,G,4067
2021-02-01,H,186
2021-02-01,I,7
2021-02-01,J,125
2021-02-01,K,4
2021-02-01,L,15
2021-02-01,M,125
2021-02-01,N,100
2021-02-01,P,6
2021-02-01,Q,30
2021-02-01,R,16
2021-02-01,S,41
2021-03-01,A,150
2021-03-01,B,96
2021-03-01,C,4209
2021-03-01,D,31
2021-03-01,E,12
2021-03-01,F,167
2021-03-01,G,4473
2021-03-01,H,197
2021-03-01,I,12
2021-03-01,J,131
2021-03-01,K,6
2021-03-01,L,9
2021-03-01,M,147
2021-03-01,N,102
2021-03-01,P,-99
2021-03-01,Q,36
2021-03-01,R,11
2021-03-01,S,39
2021-04-01,A,151
2021-04-01,B,106
2021-04-01,C,3884
2021-04-01,D,41
2021-04-01,E,11
2021-04-01,F,143
2021-04-01,G,3900
2021-04-01,H,177
2021-04-01,I,10
2021-04-01,J,130
2021-04-01,K,-99
2021-04-01,L,11
2021-04-01,M,153
2021-04-01,N,95
2021-04-01,P,-99
2021-04-01,Q,30
2021-04-01,R,6
2021-04-01,S,40
2021-05-01,A,145
2021-05-01,B,90
2021-05-01,C,3886
2021-05-01,D,26
2021-05-01,E,4
2021-05-01,F,126
2021-05-01,G,3879
2021-05-01,H,189
2021-05-01,I,7
2021-05-01,J,137
2021-05-01,K,6
2021-05-01,L,7
2021-05-01,M,137
2021-05-01,N,107
2021-05-01,P,3
2021-05-01,Q,33
2021-05-01,R,11
2021-05-01,S,37
2021-05-01,Z,-99
2021-06-01,A,144
2021-06-01,B,99
2021-06-01,C,4191
2021-06-01,D,28
2021-06-01,E,15
2021-06-01,F,139
2021-06-01,G,4340
2021-06-01,H,205
2021-06-01,I,17
2021-06-01,J,151
2021-06-01,K,6
2021-06-01,L,12
2021-06-01,M,158
2021-06-01,N,102
2021-06-01,P,3
2021-06-01,Q,40
2021-06-01,R,9
2021-06-01,S,39
2021-06-01,Z,-99
2021-07-01,A,150
2021-07-01,B,96
2021-07-01,C,4056
2021-07-01,D,29
2021-07-01,E,7
2021-07-01,F,127
2021-07-01,G,4201
2021-07-01,H,196
2021-07-01,I,12
2021-07-01,J,143
2021-07-01,K,5
2021-07-01,L,8
2021-07-01,M,153
2021-07-01,N,95
2021-07-01,P,4
2021-07-01,Q,38
2021-07-01,R,14
2021-07-01,S,39
2021-07-01,Z,-99
2021-08-01,A,136
2021-08-01,B,87
2021-08-01,C,4012
2021-08-01,D,31
2021-08-01,E,8
2021-08-01,F,140
2021-08-01,G,4115
2021-08-01,H,188
2021-08-01,I,12
2021-08-01,J,146
2021-08-01,K,-99
2021-08-01,L,10
2021-08-01,M,159
2021-08-01,N,94
2021-08-01,P,6
2021-08-01,Q,24
2021-08-01,R,15
2021-08-01,S,37
2021-08-01,Z,-99
2021-09-01,A,166
2021-09-01,B,98
2021-09-01,C,4235
2021-09-01,D,29
2021-09-01,E,9
2021-09-01,F,140
2021-09-01,G,4422
2021-09-01,H,208
2021-09-01,I,9
2021-09-01,J,144
2021-09-01,K,6
2021-09-01,L,12
2021-09-01,M,170
2021-09-01,N,103
2021-09-01,P,-99
2021-09-01,Q,29
2021-09-01,R,16
2021-09-01,S,36
2021-09-01,Z,-99
2021-10-01,A,141
2021-10-01,B,96
2021-10-01,C,4080
2021-10-01,D,31
2021-10-01,E,11
2021-10-01,F,145
2021-10-01,G,4375
2021-10-01,H,208
2021-10-01,I,16
2021-10-01,J,145
2021-10-01,K,3
2021-10-01,L,10
2021-10-01,M,183
2021-10-01,N,118
2021-10-01,P,3
2021-10-01,Q,27
2021-10-01,R,12
2021-10-01,S,37
2021-10-01,Z,-99
2021-11-01,A,155
2021-11-01,B,107
2021-11-01,C,4166
2021-11-01,D,26
2021-11-01,E,4
2021-11-01,F,148
2021-11-01,G,4462
2021-11-01,H,211
2021-11-01,I,11
2021-11-01,J,163
2021-11-01,K,6
2021-11-01,L,16
2021-11-01,M,174
2021-11-01,N,111
2021-11-01,P,5
2021-11-01,Q,38
2021-11-01,R,19
2021-11-01,S,40
2021-12-01,A,160
2021-12-01,B,106
2021-12-01,C,4568
2021-12-01,D,31
2021-12-01,E,10
2021-12-01,F,174
2021-12-01,G,4894
2021-12-01,H,236
2021-12-01,I,12
2021-12-01,J,158
2021-12-01,K,4
2021-12-01,L,15
2021-12-01,M,177
2021-12-01,N,116
2021-12-01,P,3
2021-12-01,Q,33
2021-12-01,R,10
2021-12-01,S,42
2021-12-01,Z,-99
2022-01-01,A,146
2022-01-01,B,101
2022-01-01,C,4262
2022-01-01,D,32
2022-01-01,E,8
2022-01-01,F,166
2022-01-01,G,4750
2022-01-01,H,246
2022-01-01,I,11
2022-01-01,J,165
2022-01-01,K,4
2022-01-01,L,17
2022-01-01,M,154
2022-01-01,N,124
2022-01-01,P,-99
2022-01-01,Q,33
2022-01-01,R,17
2022-01-01,S,45
2022-01-01,Z,-99
2022-02-01,A,131
2022-02-01,B,111
2022-02-01,C,4148
2022-02-01,D,32
2022-02-01,E,11
2022-02-01,F,164
2022-02-01,G,4378
2022-02-01,H,210
2022-02-01,I,10
2022-02-01,J,151
2022-02-01,K,6
2022-02-01,L,15
2022-02-01,M,164
2022-02-01,N,91
2022-02-01,P,3
2022-02-01,Q,30
2022-02-01,R,17
2022-02-01,S,48
2022-02-01,Z,-99
2022-03-01,A,154
2022-03-01,B,114
2022-03-01,C,4595
2022-03-01,D,36
2022-03-01,E,10
2022-03-01,F,179
2022-03-01,G,4799
2022-03-01,H,244
2022-03-01,I,17
2022-03-01,J,165
2022-03-01,K,7
2022-03-01,L,14
2022-03-01,M,193
2022-03-01,N,118
2022-03-01,P,6
2022-03-01,Q,37
2022-03-01,R,25
2022-03-01,S,50
2022-03-01,Z,-99
2022-04-01,A,171
2022-04-01,B,105
2022-04-01,C,4052
2022-04-01,D,25
2022-04-01,E,11
2022-04-01,F,157
2022-04-01,G,4247
2022-04-01,H,221
2022-04-01,I,12
2022-04-01,J,141
2022-04-01,K,7
2022-04-01,L,17
2022-04-01,M,158
2022-04-01,N,107
2022-04-01,P,3
2022-04-01,Q,29
2022-04-01,R,13
2022-04-01,S,45
2022-05-01,A,151
2022-05-01,B,105
2022-05-01,C,4244
2022-05-01,D,34
2022-05-01,E,11
2022-05-01,F,166
2022-05-01,G,4305
2022-05-01,H,216
2022-05-01,I,21
2022-05-01,J,146
2022-05-01,K,4
2022-05-01,L,12
2022-05-01,M,166
2022-05-01,N,111
2022-05-01,P,3
2022-05-01,Q,33
2022-05-01,R,17
2022-05-01,S,39
2022-05-01,Z,-99
2022-06-01,A,150
2022-06-01,B,99
2022-06-01,C,4162
2022-06-01,D,33
2022-06-01,E,12
2022-06-01,F,141
2022-06-01,G,4488
2022-06-01,H,223
2022-06-01,I,17
2022-06-01,J,149
2022-06-01,K,8
2022-06-01,L,20
2022-06-01,M,157
2022-06-01,N,102
2022-06-01,P,5
2022-06-01,Q,35
2022-06-01,R,17
2022-06-01,S,41
2022-06-01,Z,-99
2022-07-01,A,125
2022-07-01,B,114
2022-07-01,C,4156
2022-07-01,D,26
2022-07-01,E,13
2022-07-01,F,138
2022-07-01,G,4431
2022-07-01,H,209
2022-07-01,I,11
2022-07-01,J,144
2022-07-01,K,6
2022-07-01,L,18
2022-07-01,M,162
2022-07-01,N,124
2022-07-01,P,-99
2022-07-01,Q,36
2022-07-01,R,20
2022-07-01,S,47
2022-07-01,Z,5
2022-08-01,A,160
2022-08-01,B,107
2022-08-01,C,4352
2022-08-01,D,30
2022-08-01,E,10
2022-08-01,F,171
2022-08-01,G,4519
2022-08-01,H,214
2022-08-01,I,18
2022-08-01,J,146
2022-08-01,K,7
2022-08-01,L,27
2022-08-01,M,183
2022-08-01,N,115
2022-08-01,P,5
2022-08-01,Q,32
2022-08-01,R,25
2022-08-01,S,41
2022-08-01,Z,4
2022-09-01,A,159
2022-09-01,B,103
2022-09-01,C,4169
2022-09-01,D,36
2022-09-01,E,11
2022-09-01,F,148
2022-09-01,G,4347
2022-09-01,H,224
2022-09-01,I,13
2022-09-01,J,142
2022-09-01,K,6
2022-09-01,L,16
2022-09-01,M,164
2022-09-01,N,123
2022-09-01,P,3
2022-09-01,Q,37
2022-09-01,R,19
2022-09-01,S,45
2022-09-01,Z,-99
2022-10-01,A,153
2022-10-01,B,106
2022-10-01,C,4065
2022-10-01,D,31
2022-10-01,E,9
2022-10-01,F,147
2022-10-01,G,4045
2022-10-01,H,192
2022-10-01,I,16
2022-10-01,J,127
2022-10-01,K,5
2022-10-01,L,17
2022-10-01,M,175
2022-10-01,N,87
2022-10-01,P,-99
2022-10-01,Q,26
2022-10-01,R,18
2022-10-01,S,38
2022-10-01,Z,-99
2022-11-01,A,155
2022-11-01,B,111
2022-11-01,C,4193
2022-11-01,D,25
2022-11-01,E,10
2022-11-01,F,148
2022-11-01,G,4199
2022-11-01,H,206
2022-11-01,I,17
2022-11-01,J,130
2022-11-01,K,6
2022-11-01,L,18
2022-11-01,M,161
2022-11-01,N,118
2022-11-01,P,3
2022-11-01,Q,29
2022-11-01,R,12
2022-11-01,S,32
2022-11-01,Z,4
2022-12-01,A,125
2022-12-01,B,103
2022-12-01,C,3834
2022-12-01,D,32
2022-12-01,E,8
2022-12-01,F,142
2022-12-01,G,3806
2022-12-01,H,179
2022-12-01,I,21
2022-12-01,J,115
2022-12-01,K,6
2022-12-01,L,18
2022-12-01,M,135
2022-12-01,N,94
2022-12-01,P,3
2022-12-01,Q,34
2022-12-01,R,15
2022-12-01,S,22
2023-01-01,A,136
2023-01-01,B,104
2023-01-01,C,3613
2023-01-01,D,30
2023-01-01,E,6
2023-01-01,F,123
2023-01-01,G,3717
2023-01-01,H,182
2023-01-01,I,13
2023-01-01,J,112
2023-01-01,K,5
2023-01-01,L,13
2023-01-01,M,130
2023-01-01,N,87
2023-01-01,P,6
2023-01-01,Q,32
2023-01-01,R,18
2023-01-01,S,29
2023-01-01,Z,-99
2023-02-01,A,129
2023-02-01,B,99
2023-02-01,C,3386
2023-02-01,D,29
2023-02-01,E,11
2023-02-01,F,105
2023-02-01,G,3391
2023-02-01,H,139
2023-02-01,I,9
2023-02-01,J,100
2023-02-01,K,-99
2023-02-01,L,10
2023-02-01,M,103
2023-02-01,N,59
2023-02-01,Q,26
2023-02-01,R,10
2023-02-01,S,35
2023-02-01,Z,-99
2023-03-01,A,141
2023-03-01,B,110
2023-03-01,C,3800
2023-03-01,D,32
2023-03-01,E,7
2023-03-01,F,123
2023-03-01,G,3789
2023-03-01,H,198
2023-03-01,I,18
2023-03-01,J,132
2023-03-01,K,7
2023-03-01,L,15
2023-03-01,M,145
2023-03-01,N,110
2023-03-01,P,5
2023-03-01,Q,35
2023-03-01,R,18
2023-03-01,S,41
2023-03-01,Z,3
2023-04-01,A,108
2023-04-01,B,102
2023-04-01,C,3557
2023-04-01,D,31
2023-04-01,E,10
2023-04-01,F,121
2023-04-01,G,3481
2023-04-01,H,160
2023-04-01,I,12
2023-04-01,J,129
2023-04-01,K,3
2023-04-01,L,12
2023-04-01,M,122
2023-04-01,N,82
2023-04-01,P,5
2023-04-01,Q,25
2023-04-01,R,15
2023-04-01,S,33
2023-05-01,A,136
2023-05-01,B,107
2023-05-01,C,4099
2023-05-01,D,28
2023-05-01,E,10
2023-05-01,F,155
2023-05-01,G,4123
2023-05-01,H,183
2023-05-01,I,16
2023-05-01,J,140
2023-05-01,K,7
2023-05-01,L,21
2023-05-01,M,151
2023-05-01,N,96
2023-05-01,P,4
2023-05-01,Q,33
2023-05-01,R,22
2023-05-01,S,36
2023-06-01,A,135
2023-06-01,B,101
2023-06-01,C,3908
2023-06-01,D,30
2023-06-01,E,8
2023-06-01,F,142
2023-06-01,G,4083
2023-06-01,H,177
2023-06-01,I,11
2023-06-01,J,132
2023-06-01,K,6
2023-06-01,L,15
2023-06-01,M,158
2023-06-01,N,89
2023-06-01,P,-99
2023-06-01,Q,36
2023-06-01,R,15
2023-06-01,S,39
2023-06-01,Z,-99
2023-07-01,A,148
2023-07-01,B,95
2023-07-01,C,3922
2023-07-01,D,27
2023-07-01,E,10
2023-07-01,F,151
2023-07-01,G,4186
2023-07-01,H,163
2023-07-01,I,15
2023-07-01,J,129
2023-07-01,K,5
2023-07-01,L,15
2023-07-01,M,151
2023-07-01,N,105
2023-07-01,P,-99
2023-07-01,Q,35
2023-07-01,R,24
2023-07-01,S,41
2023-08-01,A,138
2023-08-01,B,99
2023-08-01,C,4111
2023-08-01,D,32
2023-08-01,E,15
2023-08-01,F,133
2023-08-01,G,4509
2023-08-01,H,184
2023-08-01,I,15
2023-08-01,J,128
2023-08-01,K,8
2023-08-01,L,11
2023-08-01,M,146
2023-08-01,N,107
2023-08-01,P,4
2023-08-01,Q,34
2023-08-01,R,21
2023-08-01,S,40
2023-08-01,Z,3
2023-09-01,A,131
2023-09-01,B,103
2023-09-01,C,3842
2023-09-01,D,27
2023-09-01,E,10
2023-09-01,F,128
2023-09-01,G,4090
2023-09-01,H,175
2023-09-01,I,14
2023-09-01,J,123
2023-09-01,K,6
2023-09-01,L,14
2023-09-01,M,129
2023-09-01,N,95
2023-09-01,P,-99
2023-09-01,Q,26
2023-09-01,R,13
2023-09-01,S,33
2023-09-01,Z,3
2023-10-01,A,120
2023-10-01,B,108
2023-10-01,C,3915
2023-10-01,D,26
2023-10-01,E,11
2023-10-01,F,136
2023-10-01,G,4070
2023-10-01,H,180
2023-10-01,I,16
2023-10-01,J,123
2023-10-01,K,3
2023-10-01,L,19
2023-10-01,M,143
2023-10-01,N,93
2023-10-01,P,5
2023-10-01,Q,24
2023-10-01,R,17
2023-10-01,S,45
2023-10-01,Z,5
2023-11-01,A,111
2023-11-01,B,112
2023-11-01,C,3650
2023-11-01,D,30
2023-11-01,E,14
2023-11-01,F,125
2023-11-01,G,3763
2023-11-01,H,174
2023-11-01,I,13
2023-11-01,J,142
2023-11-01,K,5
2023-11-01,L,14
2023-11-01,M,150
2023-11-01,N,106
2023-11-01,P,5
2023-11-01,Q,31
2023-11-01,R,21
2023-11-01,S,40
2023-11-01,Z,-99
