fecha,letra,total_cif
2007-01-01,A,22318334
2007-01-01,B,131899952
2007-01-01,C,1709383424
2007-01-01,D,10022627
2007-01-01,E,1867522
2007-01-01,F,17873204
2007-01-01,G,731499712
2007-01-01,H,82670904
2007-01-01,I,1904709
2007-01-01,J,133603016
2007-01-01,K,10627232
2007-01-01,L,8625382
2007-01-01,M,16142283
2007-01-01,N,30075040
2007-01-01,P,201882
2007-01-01,Q,2783557
2007-01-01,R,2694419
2007-01-01,S,4421953
2007-01-01,Z,1679963
2007-02-01,A,13164482
2007-02-01,B,106141984
2007-02-01,C,1660934144
2007-02-01,D,16671291
2007-02-01,E,948075
2007-02-01,F,20733572
2007-02-01,G,641592512
2007-02-01,H,53000600
2007-02-01,I,1031058
2007-02-01,J,156325024
2007-02-01,K,9417632
2007-02-01,L,7047307
2007-02-01,M,13667798
2007-02-01,N,26589452
2007-02-01,P,98933
2007-02-01,Q,2216276
2007-02-01,R,2083689
2007-02-01,S,3491497
2007-02-01,Z,5062415
2007-03-01,A,10960650
2007-03-01,B,117582152
2007-03-01,C,2024356864
2007-03-01,D,26449748
2007-03-01,E,1684384
2007-03-01,F,26468574
2007-03-01,G,813053120
2007-03-01,H,121462560
2007-03-01,I,1856373
2007-03-01,J,138848048
2007-03-01,K,34539560
2007-03-01,L,5276368
2007-03-01,M,16608642
2007-03-01,N,29475338
2007-03-01,P,121916
2007-03-01,Q,1829046
2007-03-01,R,1037571
2007-03-01,S,5953392
2007-03-01,Z,3392104
2007-04-01,A,11159845
2007-04-01,B,146535680
2007-04-01,C,1912018944
2007-04-01,D,21197756
2007-04-01,E,693710
2007-04-01,F,17865060
2007-04-01,G,761697984
2007-04-01,H,28827380
2007-04-01,I,1769781
2007-04-01,J,135707696
2007-04-01,K,10078970
2007-04-01,L,2709356
2007-04-01,M,8867208
2007-04-01,N,32203280
2007-04-01,P,311858
2007-04-01,Q,3179892
2007-04-01,R,1675564
2007-04-01,S,6299221
2007-04-01,Z,2330507
2007-05-01,A,10072987
2007-05-01,B,112834512
2007-05-01,C,2099222912
2007-05-01,D,18378068
2007-05-01,E,766197
2007-05-01,F,22627170
2007-05-01,G,864064960
2007-05-01,H,42761632
2007-05-01,I,1589297
2007-05-01,J,194245312
2007-05-01,K,7936887
2007-05-01,L,3677917
2007-05-01,M,16120141
2007-05-01,N,94820168
2007-05-01,P,59988
2007-05-01,Q,3372385
2007-05-01,R,504613
2007-05-01,S,8873972
2007-05-01,Z,3103238
2007-06-01,A,10322922
2007-06-01,B,141619936
2007-06-01,C,2012953728
2007-06-01,D,7801771
2007-06-01,E,701951
2007-06-01,F,18540508
2007-06-01,G,897180224
2007-06-01,H,49318808
2007-06-01,I,1433680
2007-06-01,J,157220816
2007-06-01,K,8852282
2007-06-01,L,4189755
2007-06-01,M,15170692
2007-06-01,N,237099584
2007-06-01,P,184206
2007-06-01,Q,2329314
2007-06-01,R,2074535
2007-06-01,S,7469100
2007-06-01,Z,2992712
2007-07-01,A,12835974
2007-07-01,B,241382176
2007-07-01,C,2318398464
2007-07-01,D,9970013
2007-07-01,E,5135406
2007-07-01,F,14402405
2007-07-01,G,995895168
2007-07-01,H,34615056
2007-07-01,I,2883942
2007-07-01,J,158313952
2007-07-01,K,10878030
2007-07-01,L,5516077
2007-07-01,M,14567233
2007-07-01,N,263845584
2007-07-01,P,131839
2007-07-01,Q,4503804
2007-07-01,R,2601057
2007-07-01,S,3286630
2007-07-01,Z,3971664
2007-08-01,A,17766832
2007-08-01,B,257147968
2007-08-01,C,2416259840
2007-08-01,D,35938212
2007-08-01,E,2401552
2007-08-01,F,20444344
2007-08-01,G,1032259712
2007-08-01,H,160648176
2007-08-01,I,2709964
2007-08-01,J,174692480
2007-08-01,K,19320648
2007-08-01,L,7333198
2007-08-01,M,24717114
2007-08-01,N,340127136
2007-08-01,P,206121
2007-08-01,Q,3366453
2007-08-01,R,4927089
2007-08-01,S,4096679
2007-08-01,Z,4214804
2007-09-01,A,21216948
2007-09-01,B,229281568
2007-09-01,C,2241548032
2007-09-01,D,17474404
2007-09-01,E,3241965
2007-09-01,F,17035594
2007-09-01,G,1010988224
2007-09-01,H,63698076
2007-09-01,I,1421071
2007-09-01,J,129019104
2007-09-01,K,36159696
2007-09-01,L,10675011
2007-09-01,M,13517389
2007-09-01,N,70906216
2007-09-01,P,292260
2007-09-01,Q,3999697
2007-09-01,R,1638596
2007-09-01,S,6911474
2007-09-01,Z,4254061
2007-10-01,A,15277747
2007-10-01,B,242179840
2007-10-01,C,2516273664
2007-10-01,D,56733420
2007-10-01,E,1756778
2007-10-01,F,21647734
2007-10-01,G,1120960640
2007-10-01,H,49425176
2007-10-01,I,2375834
2007-10-01,J,179177504
2007-10-01,K,29206872
2007-10-01,L,13044230
2007-10-01,M,35492680
2007-10-01,N,29258756
2007-10-01,P,50983
2007-10-01,Q,2716955
2007-10-01,R,4148630
2007-10-01,S,3635893
2007-10-01,Z,5161593
2007-11-01,A,19715134
2007-11-01,B,206849056
2007-11-01,C,2433650176
2007-11-01,D,65353168
2007-11-01,E,1969266
2007-11-01,F,21254300
2007-11-01,G,1113057280
2007-11-01,H,151232960
2007-11-01,I,2161134
2007-11-01,J,187824576
2007-11-01,K,32586988
2007-11-01,L,11026002
2007-11-01,M,18579266
2007-11-01,N,28917594
2007-11-01,P,60860
2007-11-01,Q,5404745
2007-11-01,R,3212730
2007-11-01,S,6562539
2007-11-01,Z,4423825
2007-12-01,A,15657299
2007-12-01,B,184968656
2007-12-01,C,2187520768
2007-12-01,D,19903070
2007-12-01,E,1476426
2007-12-01,F,28330260
2007-12-01,G,950137600
2007-12-01,H,247464096
2007-12-01,I,2218290
2007-12-01,J,179219056
2007-12-01,K,8244957
2007-12-01,L,8504000
2007-12-01,M,14209649
2007-12-01,N,18498092
2007-12-01,P,177677
2007-12-01,Q,1904940
2007-12-01,R,2737738
2007-12-01,S,6797625
2007-12-01,Z,4171452
2008-01-01,A,17617074
2008-01-01,B,142777232
2008-01-01,C,2549061376
2008-01-01,D,88510784
2008-01-01,E,572812
2008-01-01,F,25920372
2008-01-01,G,1170098944
2008-01-01,H,219706640
2008-01-01,I,1859762
2008-01-01,J,184080160
2008-01-01,K,33312070
2008-01-01,L,7703864
2008-01-01,M,12025466
2008-01-01,N,35688392
2008-01-01,P,320652
2008-01-01,Q,3860034
2008-01-01,R,4665361
2008-01-01,S,4482193
2008-01-01,Z,3245735
2008-02-01,A,14220849
2008-02-01,B,145231584
2008-02-01,C,2449190144
2008-02-01,D,50320204
2008-02-01,E,496919
2008-02-01,F,28023212
2008-02-01,G,981614208
2008-02-01,H,246777200
2008-02-01,I,2934676
2008-02-01,J,170501008
2008-02-01,K,9016566
2008-02-01,L,5154243
2008-02-01,M,8208257
2008-02-01,N,10896935
2008-02-01,P,284904
2008-02-01,Q,2084302
2008-02-01,R,3437666
2008-02-01,S,4742300
2008-02-01,Z,2442452
2008-03-01,A,14153894
2008-03-01,B,154130560
2008-03-01,C,2541411072
2008-03-01,D,59989200
2008-03-01,E,470736
2008-03-01,F,22960284
2008-03-01,G,959855360
2008-03-01,H,108273160
2008-03-01,I,2298495
2008-03-01,J,149247136
2008-03-01,K,13880210
2008-03-01,L,6734096
2008-03-01,M,11301464
2008-03-01,N,42877552
2008-03-01,P,372797
2008-03-01,Q,3984469
2008-03-01,R,4735072
2008-03-01,S,8166038
2008-03-01,Z,3166371
2008-04-01,A,11967040
2008-04-01,B,223165120
2008-04-01,C,2842249472
2008-04-01,D,114762592
2008-04-01,E,639759
2008-04-01,F,61269216
2008-04-01,G,1158846080
2008-04-01,H,91642056
2008-04-01,I,2937498
2008-04-01,J,209628000
2008-04-01,K,14178037
2008-04-01,L,4866388
2008-04-01,M,10450517
2008-04-01,N,119823936
2008-04-01,P,182634
2008-04-01,Q,4604773
2008-04-01,R,2979006
2008-04-01,S,7205996
2008-04-01,Z,3332757
2008-05-01,A,16255362
2008-05-01,B,211441024
2008-05-01,C,2865926144
2008-05-01,D,132787328
2008-05-01,E,156884
2008-05-01,F,34760032
2008-05-01,G,1143326464
2008-05-01,H,72920896
2008-05-01,I,2208009
2008-05-01,J,231303872
2008-05-01,K,39072184
2008-05-01,L,4702571
2008-05-01,M,16656731
2008-05-01,N,348055168
2008-05-01,P,165416
2008-05-01,Q,1530072
2008-05-01,R,807040
2008-05-01,S,9757028
2008-05-01,Z,5728074
2008-06-01,A,18560206
2008-06-01,B,155131680
2008-06-01,C,3035346688
2008-06-01,D,177535984
2008-06-01,E,719488
2008-06-01,F,37633708
2008-06-01,G,1122632064
2008-06-01,H,36894088
2008-06-01,I,3399721
2008-06-01,J,178619056
2008-06-01,K,8491119
2008-06-01,L,6105438
2008-06-01,M,9256764
2008-06-01,N,432877856
2008-06-01,P,78457
2008-06-01,Q,7001756
2008-06-01,R,1932334
2008-06-01,S,14053673
2008-06-01,Z,4568180
2008-07-01,A,11086849
2008-07-01,B,252600112
2008-07-01,C,3347518464
2008-07-01,D,265898064
2008-07-01,E,928011
2008-07-01,F,17230672
2008-07-01,G,1281115648
2008-07-01,H,118418112
2008-07-01,I,9393800
2008-07-01,J,180976080
2008-07-01,K,13804771
2008-07-01,L,7147744
2008-07-01,M,13650394
2008-07-01,N,373179840
2008-07-01,P,111788
2008-07-01,Q,4510288
2008-07-01,R,2924531
2008-07-01,S,5047794
2008-07-01,Z,3775678
2008-08-01,A,21067944
2008-08-01,B,252710896
2008-08-01,C,2999704320
2008-08-01,D,170578976
2008-08-01,E,273069
2008-08-01,F,44185880
2008-08-01,G,1173277824
2008-08-01,H,72219952
2008-08-01,I,2254967
2008-08-01,J,198005632
2008-08-01,K,9438029
2008-08-01,L,5453509
2008-08-01,M,11538877
2008-08-01,N,144375120
2008-08-01,P,113312
2008-08-01,Q,3106862
2008-08-01,R,2351168
2008-08-01,S,5693987
2008-08-01,Z,2725706
2008-09-01,A,25130966
2008-09-01,B,286485664
2008-09-01,C,3114675712
2008-09-01,D,55094360
2008-09-01,E,620293
2008-09-01,F,30830316
2008-09-01,G,1280275840
2008-09-01,H,105276856
2008-09-01,I,3293295
2008-09-01,J,169763216
2008-09-01,K,13612309
2008-09-01,L,15132049
2008-09-01,M,11626246
2008-09-01,N,154446368
2008-09-01,P,160508
2008-09-01,Q,3627044
2008-09-01,R,3674535
2008-09-01,S,6866436
2008-09-01,Z,4696444
2008-10-01,A,20542254
2008-10-01,B,224220112
2008-10-01,C,3035924224
2008-10-01,D,57840192
2008-10-01,E,909207
2008-10-01,F,18088260
2008-10-01,G,1316696192
2008-10-01,H,96616384
2008-10-01,I,2292831
2008-10-01,J,215103040
2008-10-01,K,11382132
2008-10-01,L,6895943
2008-10-01,M,11473966
2008-10-01,N,52266084
2008-10-01,P,87831
2008-10-01,Q,2779034
2008-10-01,R,1439736
2008-10-01,S,6563141
2008-10-01,Z,2807368
2008-11-01,A,23563092
2008-11-01,B,160683888
2008-11-01,C,2391320064
2008-11-01,D,27265122
2008-11-01,E,423397
2008-11-01,F,29316752
2008-11-01,G,1065056064
2008-11-01,H,150487888
2008-11-01,I,4298064
2008-11-01,J,171950560
2008-11-01,K,29649876
2008-11-01,L,8344989
2008-11-01,M,31253212
2008-11-01,N,13877719
2008-11-01,P,191283
2008-11-01,Q,6566500
2008-11-01,R,3609803
2008-11-01,S,6054697
2008-11-01,Z,2980508
2008-12-01,A,29984904
2008-12-01,B,121140560
2008-12-01,C,1848698880
2008-12-01,D,19592684
2008-12-01,E,703272
2008-12-01,F,19290728
2008-12-01,G,937668160
2008-12-01,H,226630816
2008-12-01,I,3621933
2008-12-01,J,112422336
2008-12-01,K,32288892
2008-12-01,L,6080461
2008-12-01,M,10336072
2008-12-01,N,18488408
2008-12-01,P,164971
2008-12-01,Q,7022960
2008-12-01,R,4925674
2008-12-01,S,5890136
2008-12-01,Z,3431749
2009-01-01,A,22363558
2009-01-01,B,114442432
2009-01-01,C,1372421248
2009-01-01,D,93517896
2009-01-01,E,491357
2009-01-01,F,35121216
2009-01-01,G,820247616
2009-01-01,H,118251480
2009-01-01,I,2409578
2009-01-01,J,111877968
2009-01-01,K,42480344
2009-01-01,L,4319759
2009-01-01,M,9493201
2009-01-01,N,23543242
2009-01-01,P,104472
2009-01-01,Q,4849027
2009-01-01,R,9714293
2009-01-01,S,3661676
2009-01-01,Z,5605936
2009-02-01,A,19664136
2009-02-01,B,119127480
2009-02-01,C,1420423168
2009-02-01,D,141227920
2009-02-01,E,327187
2009-02-01,F,14823085
2009-02-01,G,685390976
2009-02-01,H,13375635
2009-02-01,I,2194237
2009-02-01,J,123872840
2009-02-01,K,13876686
2009-02-01,L,4033760
2009-02-01,M,8067926
2009-02-01,N,25954406
2009-02-01,P,304503
2009-02-01,Q,5109164
2009-02-01,R,634699
2009-02-01,S,3745238
2009-02-01,Z,2648489
2009-03-01,A,17144388
2009-03-01,B,119673864
2009-03-01,C,1550757888
2009-03-01,D,88789648
2009-03-01,E,699211
2009-03-01,F,13183169
2009-03-01,G,772652288
2009-03-01,H,57510788
2009-03-01,I,3127668
2009-03-01,J,144862448
2009-03-01,K,19923396
2009-03-01,L,3552987
2009-03-01,M,8022718
2009-03-01,N,11672455
2009-03-01,P,147331
2009-03-01,Q,4544749
2009-03-01,R,5509522
2009-03-01,S,5337908
2009-03-01,Z,2197237
2009-04-01,A,10054507
2009-04-01,B,98607896
2009-04-01,C,1517882496
2009-04-01,D,58415352
2009-04-01,E,3490739
2009-04-01,F,19377608
2009-04-01,G,763498112
2009-04-01,H,15486701
2009-04-01,I,2785400
2009-04-01,J,131022832
2009-04-01,K,9190921
2009-04-01,L,3765226
2009-04-01,M,8627520
2009-04-01,N,85321296
2009-04-01,P,318644
2009-04-01,Q,3117146
2009-04-01,R,744724
2009-04-01,S,4031281
2009-04-01,Z,2163073
2009-05-01,A,13645117
2009-05-01,B,101403520
2009-05-01,C,1427529472
2009-05-01,D,119531312
2009-05-01,E,458754
2009-05-01,F,16818268
2009-05-01,G,658560960
2009-05-01,H,66216776
2009-05-01,I,2703972
2009-05-01,J,110530832
2009-05-01,K,19546000
2009-05-01,L,7102554
2009-05-01,M,7284540
2009-05-01,N,69931568
2009-05-01,P,125864
2009-05-01,Q,4470641
2009-05-01,R,606891
2009-05-01,S,3368620
2009-05-01,Z,2924881
2009-06-01,A,8529987
2009-06-01,B,99350400
2009-06-01,C,1686051840
2009-06-01,D,48495936
2009-06-01,E,4561957
2009-06-01,F,48358336
2009-06-01,G,878672768
2009-06-01,H,311880928
2009-06-01,I,3673511
2009-06-01,J,147063296
2009-06-01,K,28050464
2009-06-01,L,4237700
2009-06-01,M,7522746
2009-06-01,N,254268736
2009-06-01,P,185562
2009-06-01,Q,4135291
2009-06-01,R,954441
2009-06-01,S,8236766
2009-06-01,Z,41909036
2009-07-01,A,13405835
2009-07-01,B,79583208
2009-07-01,C,1769755648
2009-07-01,D,127534088
2009-07-01,E,330004
2009-07-01,F,25732222
2009-07-01,G,884861376
2009-07-01,H,117130544
2009-07-01,I,2572475
2009-07-01,J,153139072
2009-07-01,K,32514012
2009-07-01,L,11348261
2009-07-01,M,9137602
2009-07-01,N,288063968
2009-07-01,P,132876
2009-07-01,Q,3094799
2009-07-01,R,6225690
2009-07-01,S,5006138
2009-07-01,Z,3795766
2009-08-01,A,12720259
2009-08-01,B,83210576
2009-08-01,C,1721303040
2009-08-01,D,86236104
2009-08-01,E,6187403
2009-08-01,F,19510136
2009-08-01,G,780945344
2009-08-01,H,103605448
2009-08-01,I,3246463
2009-08-01,J,124741536
2009-08-01,K,3347250
2009-08-01,L,4142440
2009-08-01,M,8884900
2009-08-01,N,236569552
2009-08-01,P,208946
2009-08-01,Q,3727708
2009-08-01,R,3420590
2009-08-01,S,7768998
2009-08-01,Z,3616609
2009-09-01,A,16659595
2009-09-01,B,83106464
2009-09-01,C,1979866368
2009-09-01,D,105201144
2009-09-01,E,5305087
2009-09-01,F,44719292
2009-09-01,G,1007748736
2009-09-01,H,119122000
2009-09-01,I,2270557
2009-09-01,J,144375936
2009-09-01,K,7528182
2009-09-01,L,8027268
2009-09-01,M,8264697
2009-09-01,N,55496264
2009-09-01,P,166040
2009-09-01,Q,4016479
2009-09-01,R,4188768
2009-09-01,S,5692134
2009-09-01,Z,3683069
2009-10-01,A,12314999
2009-10-01,B,82984976
2009-10-01,C,2129130880
2009-10-01,D,31999580
2009-10-01,E,6578943
2009-10-01,F,31673166
2009-10-01,G,954342656
2009-10-01,H,146522976
2009-10-01,I,2435876
2009-10-01,J,166986176
2009-10-01,K,4295715
2009-10-01,L,8257605
2009-10-01,M,8909732
2009-10-01,N,14095827
2009-10-01,P,208989
2009-10-01,Q,4772029
2009-10-01,R,3198659
2009-10-01,S,5048795
2009-10-01,Z,10672574
2009-11-01,A,16743417
2009-11-01,B,76159224
2009-11-01,C,2093074816
2009-11-01,D,27896460
2009-11-01,E,4729474
2009-11-01,F,29842000
2009-11-01,G,958600320
2009-11-01,H,161711296
2009-11-01,I,1699903
2009-11-01,J,140431552
2009-11-01,K,15993963
2009-11-01,L,12305400
2009-11-01,M,33132692
2009-11-01,N,15037748
2009-11-01,P,172386
2009-11-01,Q,4175146
2009-11-01,R,1034091
2009-11-01,S,6301817
2009-11-01,Z,2498899
2009-12-01,A,17332188
2009-12-01,B,95352856
2009-12-01,C,2112702464
2009-12-01,D,32876258
2009-12-01,E,12256211
2009-12-01,F,38787344
2009-12-01,G,917640704
2009-12-01,H,142553536
2009-12-01,I,1882561
2009-12-01,J,107906144
2009-12-01,K,14837084
2009-12-01,L,5175809
2009-12-01,M,9832518
2009-12-01,N,14461500
2009-12-01,P,198403
2009-12-01,Q,7565579
2009-12-01,R,1281848
2009-12-01,S,9976355
2009-12-01,Z,2171567
2010-01-01,A,14639004
2010-01-01,B,80679896
2010-01-01,C,1870380160
2010-01-01,D,63784520
2010-01-01,E,3326250
2010-01-01,F,34092168
2010-01-01,G,831918976
2010-01-01,H,107750120
2010-01-01,I,2166055
2010-01-01,J,92441592
2010-01-01,K,5364991
2010-01-01,L,4223373
2010-01-01,M,8025743
2010-01-01,N,19197262
2010-01-01,P,169021
2010-01-01,Q,3990915
2010-01-01,R,895278
2010-01-01,S,2702192
2010-01-01,Z,1967278
2010-02-01,A,20131770
2010-02-01,B,74944944
2010-02-01,C,1975561088
2010-02-01,D,81005376
2010-02-01,E,15975438
2010-02-01,F,13724044
2010-02-01,G,821700928
2010-02-01,H,210934240
2010-02-01,I,3771594
2010-02-01,J,118171456
2010-02-01,K,5031095
2010-02-01,L,6235115
2010-02-01,M,12752790
2010-02-01,N,19703316
2010-02-01,P,203677
2010-02-01,Q,4321674
2010-02-01,R,3234978
2010-02-01,S,5242842
2010-02-01,Z,2108321
2010-03-01,A,17288064
2010-03-01,B,152497728
2010-03-01,C,2508538368
2010-03-01,D,109253216
2010-03-01,E,2436153
2010-03-01,F,32774292
2010-03-01,G,1082028544
2010-03-01,H,256783440
2010-03-01,I,2242585
2010-03-01,J,131093560
2010-03-01,K,6642169
2010-03-01,L,5499893
2010-03-01,M,13411677
2010-03-01,N,26652684
2010-03-01,P,1091657
2010-03-01,Q,5080196
2010-03-01,R,768518
2010-03-01,S,3875947
2010-03-01,Z,3031542
2010-04-01,A,10592811
2010-04-01,B,120785384
2010-04-01,C,2485502464
2010-04-01,D,74664448
2010-04-01,E,6624112
2010-04-01,F,22039270
2010-04-01,G,971079040
2010-04-01,H,144404480
2010-04-01,I,3873081
2010-04-01,J,116967792
2010-04-01,K,6557164
2010-04-01,L,3965291
2010-04-01,M,17137828
2010-04-01,N,118904384
2010-04-01,P,235958
2010-04-01,Q,3984587
2010-04-01,R,1139818
2010-04-01,S,3484907
2010-04-01,Z,2229341
2010-05-01,A,12115062
2010-05-01,B,209254080
2010-05-01,C,2565543424
2010-05-01,D,131144392
2010-05-01,E,7690265
2010-05-01,F,114313992
2010-05-01,G,1032843648
2010-05-01,H,91503584
2010-05-01,I,3254065
2010-05-01,J,124195496
2010-05-01,K,8540311
2010-05-01,L,5156267
2010-05-01,M,17374234
2010-05-01,N,225973952
2010-05-01,P,640454
2010-05-01,Q,5078836
2010-05-01,R,1770982
2010-05-01,S,6217067
2010-05-01,Z,3923838
2010-06-01,A,14772644
2010-06-01,B,175194480
2010-06-01,C,2741903104
2010-06-01,D,127073136
2010-06-01,E,831513
2010-06-01,F,15348367
2010-06-01,G,1199006592
2010-06-01,H,112669312
2010-06-01,I,3198563
2010-06-01,J,151546432
2010-06-01,K,8979749
2010-06-01,L,4962733
2010-06-01,M,15275131
2010-06-01,N,438140128
2010-06-01,P,167371
2010-06-01,Q,4501251
2010-06-01,R,728394
2010-06-01,S,16785504
2010-06-01,Z,4103837
2010-07-01,A,11893345
2010-07-01,B,147589280
2010-07-01,C,2856758784
2010-07-01,D,140265664
2010-07-01,E,3753121
2010-07-01,F,68760608
2010-07-01,G,1286827136
2010-07-01,H,27042904
2010-07-01,I,3112668
2010-07-01,J,143572176
2010-07-01,K,7438436
2010-07-01,L,5527395
2010-07-01,M,13739324
2010-07-01,N,390484768
2010-07-01,P,434552
2010-07-01,Q,2888627
2010-07-01,R,2061397
2010-07-01,S,4534485
2010-07-01,Z,4932400
2010-08-01,A,19699856
2010-08-01,B,152920896
2010-08-01,C,3071315456
2010-08-01,D,177507424
2010-08-01,E,334849
2010-08-01,F,76335168
2010-08-01,G,1286782848
2010-08-01,H,98533984
2010-08-01,I,2978374
2010-08-01,J,124970504
2010-08-01,K,13204540
2010-08-01,L,4894295
2010-08-01,M,14282370
2010-08-01,N,230493360
2010-08-01,P,359994
2010-08-01,Q,6949003
2010-08-01,R,1776293
2010-08-01,S,4750059
2010-08-01,Z,3625958
2010-09-01,A,25770346
2010-09-01,B,162745200
2010-09-01,C,3152394240
2010-09-01,D,82987264
2010-09-01,E,779697
2010-09-01,F,91140560
2010-09-01,G,1379641856
2010-09-01,H,272494720
2010-09-01,I,1322015
2010-09-01,J,142954016
2010-09-01,K,9478376
2010-09-01,L,4819442
2010-09-01,M,12722384
2010-09-01,N,74376032
2010-09-01,P,362297
2010-09-01,Q,4256576
2010-09-01,R,2884653
2010-09-01,S,5144117
2010-09-01,Z,3606887
2010-10-01,A,21450494
2010-10-01,B,143540320
2010-10-01,C,3023395072
2010-10-01,D,89281824
2010-10-01,E,507926
2010-10-01,F,88137568
2010-10-01,G,1336361216
2010-10-01,H,96057640
2010-10-01,I,3243319
2010-10-01,J,96987232
2010-10-01,K,13231792
2010-10-01,L,3995703
2010-10-01,M,14230296
2010-10-01,N,15565767
2010-10-01,P,325035
2010-10-01,Q,6584794
2010-10-01,R,4439929
2010-10-01,S,6191021
2010-10-01,Z,3133222
2010-11-01,A,22089612
2010-11-01,B,184271728
2010-11-01,C,3387417088
2010-11-01,D,46840632
2010-11-01,E,535525
2010-11-01,F,61508136
2010-11-01,G,1542895104
2010-11-01,H,102163672
2010-11-01,I,3391959
2010-11-01,J,116529904
2010-11-01,K,9889753
2010-11-01,L,5798284
2010-11-01,M,14345816
2010-11-01,N,30566748
2010-11-01,P,155706
2010-11-01,Q,5524481
2010-11-01,R,8799247
2010-11-01,S,5994864
2010-11-01,Z,3275857
2010-12-01,A,30353276
2010-12-01,B,186267152
2010-12-01,C,3039155200
2010-12-01,D,100027544
2010-12-01,E,1712888
2010-12-01,F,55016748
2010-12-01,G,1489128192
2010-12-01,H,244073808
2010-12-01,I,3155421
2010-12-01,J,125285904
2010-12-01,K,17732284
2010-12-01,L,7390795
2010-12-01,M,14380211
2010-12-01,N,48893188
2010-12-01,P,286824
2010-12-01,Q,5276926
2010-12-01,R,1303296
2010-12-01,S,5826406
2010-12-01,Z,4399828
2011-01-01,A,23089382
2011-01-01,B,201092432
2011-01-01,C,2871123200
2011-01-01,D,228498368
2011-01-01,E,223756
2011-01-01,F,55681532
2011-01-01,G,1244087680
2011-01-01,H,20641188
2011-01-01,I,2462932
2011-01-01,J,111739440
2011-01-01,K,36675860
2011-01-01,L,5362361
2011-01-01,M,17195364
2011-01-01,N,17444388
2011-01-01,P,200903
2011-01-01,Q,7263455
2011-01-01,R,4729741
2011-01-01,S,11267411
2011-01-01,Z,5704912
2011-02-01,A,17518096
2011-02-01,B,202432944
2011-02-01,C,2723754240
2011-02-01,D,161929712
2011-02-01,E,840166
2011-02-01,F,47242564
2011-02-01,G,1220020096
2011-02-01,H,168232272
2011-02-01,I,3821196
2011-02-01,J,148540736
2011-02-01,K,27681068
2011-02-01,L,4446834
2011-02-01,M,16589593
2011-02-01,N,60003264
2011-02-01,P,225522
2011-02-01,Q,4979431
2011-02-01,R,1970608
2011-02-01,S,6279195
2011-02-01,Z,3638669
2011-03-01,A,18439196
2011-03-01,B,267034016
2011-03-01,C,3326605568
2011-03-01,D,125844400
2011-03-01,E,798190
2011-03-01,F,50687160
2011-03-01,G,1343609472
2011-03-01,H,133128224
2011-03-01,I,3968523
2011-03-01,J,148187488
2011-03-01,K,40751872
2011-03-01,L,5961997
2011-03-01,M,13442382
2011-03-01,N,241543504
2011-03-01,P,268282
2011-03-01,Q,6211217
2011-03-01,R,1950112
2011-03-01,S,5455967
2011-03-01,Z,4813830
2011-04-01,A,12927873
2011-04-01,B,196054944
2011-04-01,C,3217996800
2011-04-01,D,175233088
2011-04-01,E,7804676
2011-04-01,F,56287512
2011-04-01,G,1338151040
2011-04-01,H,148585856
2011-04-01,I,1767782
2011-04-01,J,90903280
2011-04-01,K,38342224
2011-04-01,L,6243851
2011-04-01,M,19868496
2011-04-01,N,251323872
2011-04-01,P,344996
2011-04-01,Q,5483915
2011-04-01,R,1232235
2011-04-01,S,3986707
2011-04-01,Z,1992737
2011-05-01,A,14567643
2011-05-01,B,219869888
2011-05-01,C,3619267328
2011-05-01,D,310834848
2011-05-01,E,5892266
2011-05-01,F,63900976
2011-05-01,G,1342179456
2011-05-01,H,173698864
2011-05-01,I,3415158
2011-05-01,J,109621832
2011-05-01,K,9428311
2011-05-01,L,4477542
2011-05-01,M,22011400
2011-05-01,N,504092000
2011-05-01,P,340041
2011-05-01,Q,5308189
2011-05-01,R,376426
2011-05-01,S,8694535
2011-05-01,Z,1851085
2011-06-01,A,13423155
2011-06-01,B,337379712
2011-06-01,C,3529602816
2011-06-01,D,316654368
2011-06-01,E,1415261
2011-06-01,F,33017426
2011-06-01,G,1375563136
2011-06-01,H,142354816
2011-06-01,I,4836003
2011-06-01,J,97289296
2011-06-01,K,13853683
2011-06-01,L,3533974
2011-06-01,M,15483256
2011-06-01,N,756215552
2011-06-01,P,179216
2011-06-01,Q,4316488
2011-06-01,R,812984
2011-06-01,S,6776685
2011-06-01,Z,1553617
2011-07-01,A,17748104
2011-07-01,B,198027824
2011-07-01,C,3638975744
2011-07-01,D,421473344
2011-07-01,E,4275961
2011-07-01,F,39897408
2011-07-01,G,1316079360
2011-07-01,H,61021924
2011-07-01,I,5691028
2011-07-01,J,115780040
2011-07-01,K,16045681
2011-07-01,L,3613489
2011-07-01,M,25186928
2011-07-01,N,741144064
2011-07-01,P,191214
2011-07-01,Q,5798477
2011-07-01,R,2551149
2011-07-01,S,4283492
2011-07-01,Z,2893426
2011-08-01,A,26637968
2011-08-01,B,272156928
2011-08-01,C,4303012864
2011-08-01,D,432211168
2011-08-01,E,1881090
2011-08-01,F,130607008
2011-08-01,G,1595900416
2011-08-01,H,96769104
2011-08-01,I,3261388
2011-08-01,J,113421448
2011-08-01,K,40742840
2011-08-01,L,5209684
2011-08-01,M,28977400
2011-08-01,N,508860320
2011-08-01,P,340323
2011-08-01,Q,8687193
2011-08-01,R,9815584
2011-08-01,S,6871342
2011-08-01,Z,2449853
2011-09-01,A,27831596
2011-09-01,B,215693552
2011-09-01,C,4117305856
2011-09-01,D,370171552
2011-09-01,E,12431440
2011-09-01,F,41260860
2011-09-01,G,1595305088
2011-09-01,H,248046080
2011-09-01,I,4225180
2011-09-01,J,107401248
2011-09-01,K,16069980
2011-09-01,L,5029336
2011-09-01,M,14796478
2011-09-01,N,132446680
2011-09-01,P,157820
2011-09-01,Q,6791223
2011-09-01,R,19464248
2011-09-01,S,7834949
2011-09-01,Z,1972466
2011-10-01,A,33553344
2011-10-01,B,244187920
2011-10-01,C,3808627968
2011-10-01,D,298055072
2011-10-01,E,19474124
2011-10-01,F,57960264
2011-10-01,G,1574021376
2011-10-01,H,42632752
2011-10-01,I,4270124
2011-10-01,J,77643440
2011-10-01,K,41887728
2011-10-01,L,5035213
2011-10-01,M,13609556
2011-10-01,N,17284360
2011-10-01,P,174330
2011-10-01,Q,9750254
2011-10-01,R,1447597
2011-10-01,S,5830646
2011-10-01,Z,1948386
2011-11-01,A,28031168
2011-11-01,B,247396192
2011-11-01,C,3819679488
2011-11-01,D,33748340
2011-11-01,E,1346750
2011-11-01,F,27483688
2011-11-01,G,1676222592
2011-11-01,H,103162976
2011-11-01,I,2393470
2011-11-01,J,152999360
2011-11-01,K,15732298
2011-11-01,L,6196509
2011-11-01,M,11353257
2011-11-01,N,91306648
2011-11-01,P,112849
2011-11-01,Q,6006784
2011-11-01,R,3636137
2011-11-01,S,6005222
2011-11-01,Z,3305802
2011-12-01,A,25875028
2011-12-01,B,309893472
2011-12-01,C,3397519872
2011-12-01,D,42261952
2011-12-01,E,3268108
2011-12-01,F,27797820
2011-12-01,G,1701480192
2011-12-01,H,267535008
2011-12-01,I,3240495
2011-12-01,J,108738360
2011-12-01,K,16718807
2011-12-01,L,7008234
2011-12-01,M,14285508
2011-12-01,N,71112528
2011-12-01,P,83113
2011-12-01,Q,6094109
2011-12-01,R,4899673
2011-12-01,S,5756621
2011-12-01,Z,1497454
2012-01-01,A,21005630
2012-01-01,B,151249424
2012-01-01,C,3045273600
2012-01-01,D,336148960
2012-01-01,E,8114025
2012-01-01,F,29922532
2012-01-01,G,1367657728
2012-01-01,H,229897648
2012-01-01,I,6226475
2012-01-01,J,119035400
2012-01-01,K,12577253
2012-01-01,L,3663330
2012-01-01,M,35733344
2012-01-01,N,16315310
2012-01-01,P,172102
2012-01-01,Q,5857604
2012-01-01,R,4790427
2012-01-01,S,9341420
2012-01-01,Z,1362356
2012-02-01,A,17184336
2012-02-01,B,127478632
2012-02-01,C,2904490240
2012-02-01,D,280917440
2012-02-01,E,7357247
2012-02-01,F,42663264
2012-02-01,G,1117958656
2012-02-01,H,90574432
2012-02-01,I,1943368
2012-02-01,J,83770672
2012-02-01,K,8860970
2012-02-01,L,2685489
2012-02-01,M,11282423
2012-02-01,N,10495071
2012-02-01,P,319462
2012-02-01,Q,2992790
2012-02-01,R,1991403
2012-02-01,S,4024959
2012-02-01,Z,996663
2012-03-01,A,17831262
2012-03-01,B,214924272
2012-03-01,C,3321739264
2012-03-01,D,339746336
2012-03-01,E,5145795
2012-03-01,F,28500188
2012-03-01,G,959529408
2012-03-01,H,83193552
2012-03-01,I,2862438
2012-03-01,J,73062176
2012-03-01,K,6395975
2012-03-01,L,3523614
2012-03-01,M,12074849
2012-03-01,N,121350000
2012-03-01,P,165380
2012-03-01,Q,6051411
2012-03-01,R,25162300
2012-03-01,S,5002160
2012-03-01,Z,1634177
2012-04-01,A,18196492
2012-04-01,B,208731552
2012-04-01,C,3008412160
2012-04-01,D,261193984
2012-04-01,E,2646451
2012-04-01,F,17018472
2012-04-01,G,730710336
2012-04-01,H,70659528
2012-04-01,I,5179176
2012-04-01,J,43588252
2012-04-01,K,5776995
2012-04-01,L,2046277
2012-04-01,M,10322126
2012-04-01,N,380004800
2012-04-01,P,50426
2012-04-01,Q,3962616
2012-04-01,R,125153
2012-04-01,S,5439106
2012-04-01,Z,2763227
2012-05-01,A,21139756
2012-05-01,B,245188896
2012-05-01,C,3488477184
2012-05-01,D,421235264
2012-05-01,E,8178074
2012-05-01,F,36274356
2012-05-01,G,1134885632
2012-05-01,H,45731168
2012-05-01,I,3706308
2012-05-01,J,54329352
2012-05-01,K,3527470
2012-05-01,L,3847017
2012-05-01,M,15549288
2012-05-01,N,574077056
2012-05-01,P,51132
2012-05-01,Q,6070891
2012-05-01,R,198051
2012-05-01,S,5901242
2012-05-01,Z,4554632
2012-06-01,A,16687914
2012-06-01,B,329009920
2012-06-01,C,3245588992
2012-06-01,D,462674784
2012-06-01,E,5019520
2012-06-01,F,20237328
2012-06-01,G,1189935744
2012-06-01,H,65631028
2012-06-01,I,4978651
2012-06-01,J,55620904
2012-06-01,K,9411731
2012-06-01,L,3362165
2012-06-01,M,15710921
2012-06-01,N,651158144
2012-06-01,P,100924
2012-06-01,Q,10425066
2012-06-01,R,1003150
2012-06-01,S,3571334
2012-06-01,Z,3068440
2012-07-01,A,14078512
2012-07-01,B,252819824
2012-07-01,C,3467286784
2012-07-01,D,555342720
2012-07-01,E,1775573
2012-07-01,F,25031244
2012-07-01,G,1315437696
2012-07-01,H,87691272
2012-07-01,I,1860434
2012-07-01,J,58866208
2012-07-01,K,5834917
2012-07-01,L,1993617
2012-07-01,M,9006648
2012-07-01,N,521557216
2012-07-01,P,247422
2012-07-01,Q,8675802
2012-07-01,R,5918875
2012-07-01,S,6379620
2012-07-01,Z,2464161
2012-08-01,A,21924432
2012-08-01,B,254207136
2012-08-01,C,3744322816
2012-08-01,D,441588512
2012-08-01,E,2524795
2012-08-01,F,22586000
2012-08-01,G,1491174272
2012-08-01,H,114434304
2012-08-01,I,4353617
2012-08-01,J,67167624
2012-08-01,K,13409907
2012-08-01,L,2726901
2012-08-01,M,19846420
2012-08-01,N,113154968
2012-08-01,P,205304
2012-08-01,Q,4838579
2012-08-01,R,9071742
2012-08-01,S,6450731
2012-08-01,Z,2841381
2012-09-01,A,22970524
2012-09-01,B,259448016
2012-09-01,C,3362036480
2012-09-01,D,336898432
2012-09-01,E,3781717
2012-09-01,F,34861408
2012-09-01,G,1343270016
2012-09-01,H,276114176
2012-09-01,I,4089455
2012-09-01,J,49042272
2012-09-01,K,18720062
2012-09-01,L,3075679
2012-09-01,M,17155164
2012-09-01,N,94121200
2012-09-01,P,421512
2012-09-01,Q,9420999
2012-09-01,R,43133360
2012-09-01,S,6937547
2012-09-01,Z,2587151
2012-10-01,A,22287406
2012-10-01,B,278975264
2012-10-01,C,3925068288
2012-10-01,D,280360896
2012-10-01,E,4367814
2012-10-01,F,25300764
2012-10-01,G,1557490304
2012-10-01,H,65292408
2012-10-01,I,6296608
2012-10-01,J,82904464
2012-10-01,K,44636032
2012-10-01,L,3037885
2012-10-01,M,20270530
2012-10-01,N,17055174
2012-10-01,P,515347
2012-10-01,Q,6959576
2012-10-01,R,345668
2012-10-01,S,9470999
2012-10-01,Z,2977176
2012-11-01,A,21129798
2012-11-01,B,238872064
2012-11-01,C,3474423040
2012-11-01,D,26653728
2012-11-01,E,683003
2012-11-01,F,28911664
2012-11-01,G,1751077632
2012-11-01,H,154516816
2012-11-01,I,3261821
2012-11-01,J,79966264
2012-11-01,K,6729181
2012-11-01,L,4330941
2012-11-01,M,22730654
2012-11-01,N,52864720
2012-11-01,P,83137
2012-11-01,Q,9315102
2012-11-01,R,1868857
2012-11-01,S,8461521
2012-11-01,Z,2319815
2012-12-01,A,18910170
2012-12-01,B,237163888
2012-12-01,C,3299151360
2012-12-01,D,45358904
2012-12-01,E,663385
2012-12-01,F,20350508
2012-12-01,G,1633325568
2012-12-01,H,104152728
2012-12-01,I,2488393
2012-12-01,J,69723376
2012-12-01,K,20943176
2012-12-01,L,6756309
2012-12-01,M,19745524
2012-12-01,N,15916173
2012-12-01,P,188057
2012-12-01,Q,3621606
2012-12-01,R,616489
2012-12-01,S,5787753
2012-12-01,Z,3210497
2013-01-01,A,19662446
2013-01-01,B,223634720
2013-01-01,C,3087488512
2013-01-01,D,423000608
2013-01-01,E,2742260
2013-01-01,F,16208678
2013-01-01,G,1385661440
2013-01-01,H,23059522
2013-01-01,I,3629423
2013-01-01,J,62150992
2013-01-01,K,24151402
2013-01-01,L,2595485
2013-01-01,M,12059972
2013-01-01,N,85355392
2013-01-01,P,136933
2013-01-01,Q,4938458
2013-01-01,R,208620
2013-01-01,S,6508976
2013-01-01,Z,1750169
2013-02-01,A,14458222
2013-02-01,B,257344816
2013-02-01,C,3175055872
2013-02-01,D,383643936
2013-02-01,E,3705179
2013-02-01,F,18848024
2013-02-01,G,1188967552
2013-02-01,H,103649656
2013-02-01,I,2704258
2013-02-01,J,60741700
2013-02-01,K,13888144
2013-02-01,L,2295383
2013-02-01,M,14094789
2013-02-01,N,45482964
2013-02-01,P,58620
2013-02-01,Q,6610857
2013-02-01,R,196936
2013-02-01,S,4589733
2013-02-01,Z,3619665
2013-03-01,A,11737831
2013-03-01,B,212527072
2013-03-01,C,3294669312
2013-03-01,D,654584960
2013-03-01,E,3701230
2013-03-01,F,14497341
2013-03-01,G,1225588096
2013-03-01,H,60659760
2013-03-01,I,3676049
2013-03-01,J,55615552
2013-03-01,K,9966363
2013-03-01,L,2960562
2013-03-01,M,17275916
2013-03-01,N,141488912
2013-03-01,P,1519733
2013-03-01,Q,9211409
2013-03-01,R,6185116
2013-03-01,S,5898769
2013-03-01,Z,352723
2013-04-01,A,17937820
2013-04-01,B,349781760
2013-04-01,C,3908399872
2013-04-01,D,335130240
2013-04-01,E,2484905
2013-04-01,F,19688386
2013-04-01,G,1336795136
2013-04-01,H,61875744
2013-04-01,I,3350089
2013-04-01,J,51705560
2013-04-01,K,10439989
2013-04-01,L,2696515
2013-04-01,M,15848546
2013-04-01,N,105156200
2013-04-01,P,88277
2013-04-01,Q,6194378
2013-04-01,R,32607054
2013-04-01,S,7685561
2013-04-01,Z,353582
2013-05-01,A,16712859
2013-05-01,B,351891168
2013-05-01,C,4051604736
2013-05-01,D,664359872
2013-05-01,E,3449940
2013-05-01,F,15065478
2013-05-01,G,1305362944
2013-05-01,H,85954928
2013-05-01,I,4250508
2013-05-01,J,60736668
2013-05-01,K,17327100
2013-05-01,L,2063089
2013-05-01,M,16855264
2013-05-01,N,557400128
2013-05-01,P,1013061
2013-05-01,Q,8592630
2013-05-01,R,2055028
2013-05-01,S,7445801
2013-05-01,Z,456670
2013-06-01,A,16862272
2013-06-01,B,287798752
2013-06-01,C,3520569088
2013-06-01,D,846678400
2013-06-01,E,1463358
2013-06-01,F,14965703
2013-06-01,G,1167094528
2013-06-01,H,110870656
2013-06-01,I,3448905
2013-06-01,J,58982624
2013-06-01,K,20943862
2013-06-01,L,1797817
2013-06-01,M,30911436
2013-06-01,N,544821888
2013-06-01,P,23346
2013-06-01,Q,4054181
2013-06-01,R,33824644
2013-06-01,S,5550268
2013-06-01,Z,83244
2013-07-01,A,21493486
2013-07-01,B,289161376
2013-07-01,C,4006923264
2013-07-01,D,582839616
2013-07-01,E,3691474
2013-07-01,F,20002648
2013-07-01,G,1417552512
2013-07-01,H,86448896
2013-07-01,I,5101218
2013-07-01,J,67305328
2013-07-01,K,14948506
2013-07-01,L,2255957
2013-07-01,M,11370610
2013-07-01,N,501348480
2013-07-01,P,247557
2013-07-01,Q,5480519
2013-07-01,R,191365
2013-07-01,S,5145354
2013-07-01,Z,149881
2013-08-01,A,17917948
2013-08-01,B,281113472
2013-08-01,C,4101805824
2013-08-01,D,796723008
2013-08-01,E,1810385
2013-08-01,F,35706444
2013-08-01,G,1319420416
2013-08-01,H,58013080
2013-08-01,I,2221555
2013-08-01,J,49499824
2013-08-01,K,14725369
2013-08-01,L,2286067
2013-08-01,M,16710990
2013-08-01,N,424303296
2013-08-01,P,41595
2013-08-01,Q,6140878
2013-08-01,R,910469
2013-08-01,S,5584162
2013-08-01,Z,229785
2013-09-01,A,20423084
2013-09-01,B,225779600
2013-09-01,C,3889041152
2013-09-01,D,332558912
2013-09-01,E,2819894
2013-09-01,F,17512204
2013-09-01,G,1309668608
2013-09-01,H,259918864
2013-09-01,I,2638999
2013-09-01,J,40821400
2013-09-01,K,13143379
2013-09-01,L,1860718
2013-09-01,M,12570942
2013-09-01,N,51148772
2013-09-01,P,59009
2013-09-01,Q,4906231
2013-09-01,R,1056179
2013-09-01,S,3700675
2013-09-01,Z,120145
2013-10-01,A,17894936
2013-10-01,B,261439808
2013-10-01,C,4124674560
2013-10-01,D,782989696
2013-10-01,E,2161825
2013-10-01,F,67366312
2013-10-01,G,1411112832
2013-10-01,H,203214752
2013-10-01,I,2509035
2013-10-01,J,57615640
2013-10-01,K,20845134
2013-10-01,L,1731957
2013-10-01,M,9972002
2013-10-01,N,8791746
2013-10-01,P,264522
2013-10-01,Q,5415516
2013-10-01,R,712227
2013-10-01,S,6433313
2013-10-01,Z,356730
2013-11-01,A,28766136
2013-11-01,B,202659776
2013-11-01,C,3680556800
2013-11-01,D,46357844
2013-11-01,E,3759558
2013-11-01,F,74374752
2013-11-01,G,1579659776
2013-11-01,H,216528224
2013-11-01,I,2720882
2013-11-01,J,64326920
2013-11-01,K,19619200
2013-11-01,L,3818094
2013-11-01,M,8835948
2013-11-01,N,92266040
2013-11-01,P,181478
2013-11-01,Q,8096221
2013-11-01,R,327676
2013-11-01,S,5424783
2013-11-01,Z,140184
2013-12-01,A,19617352
2013-12-01,B,326560096
2013-12-01,C,3098724352
2013-12-01,D,95248160
2013-12-01,E,3671543
2013-12-01,F,164259776
2013-12-01,G,1470931456
2013-12-01,H,421865056
2013-12-01,I,2085286
2013-12-01,J,52176632
2013-12-01,K,26249468
2013-12-01,L,3943080
2013-12-01,M,7628486
2013-12-01,N,5383209
2013-12-01,P,222981
2013-12-01,Q,7187934
2013-12-01,R,1267926
2013-12-01,S,4243573
2013-12-01,Z,238626
2014-01-01,A,22330624
2014-01-01,B,309425408
2014-01-01,C,3172254208
2014-01-01,D,232462832
2014-01-01,E,5282680
2014-01-01,F,36205120
2014-01-01,G,1213506048
2014-01-01,H,245159904
2014-01-01,I,2676823
2014-01-01,J,74730144
2014-01-01,K,29652538
2014-01-01,L,2520491
2014-01-01,M,12019004
2014-01-01,N,51031748
2014-01-01,P,95419
2014-01-01,Q,11518816
2014-01-01,R,494237
2014-01-01,S,12015920
2014-01-01,Z,263905
2014-02-01,A,19829660
2014-02-01,B,419745088
2014-02-01,C,3177980160
2014-02-01,D,504984480
2014-02-01,E,2309042
2014-02-01,F,12505279
2014-02-01,G,960526016
2014-02-01,H,48108192
2014-02-01,I,2598152
2014-02-01,J,35405888
2014-02-01,K,25204840
2014-02-01,L,1662914
2014-02-01,M,16240778
2014-02-01,N,195166848
2014-02-01,P,212186
2014-02-01,Q,8074645
2014-02-01,R,302802
2014-02-01,S,5141438
2014-02-01,Z,164531
2014-03-01,A,18958932
2014-03-01,B,422125664
2014-03-01,C,3119926528
2014-03-01,D,653460224
2014-03-01,E,2637697
2014-03-01,F,24504394
2014-03-01,G,1036623808
2014-03-01,H,28977104
2014-03-01,I,1395843
2014-03-01,J,37809880
2014-03-01,K,18296908
2014-03-01,L,1267001
2014-03-01,M,13987380
2014-03-01,N,189169936
2014-03-01,P,383387
2014-03-01,Q,7714246
2014-03-01,R,2467575
2014-03-01,S,4567738
2014-03-01,Z,59272
2014-04-01,A,14644951
2014-04-01,B,421878208
2014-04-01,C,3107742976
2014-04-01,D,459552992
2014-04-01,E,1024692
2014-04-01,F,28685324
2014-04-01,G,1075624832
2014-04-01,H,130107000
2014-04-01,I,4216343
2014-04-01,J,70664936
2014-04-01,K,37798072
2014-04-01,L,1222567
2014-04-01,M,7784990
2014-04-01,N,47194316
2014-04-01,P,166857
2014-04-01,Q,6111062
2014-04-01,R,1465436
2014-04-01,S,2917663
2014-04-01,Z,306290
2014-05-01,A,15904798
2014-05-01,B,237776016
2014-05-01,C,3172491776
2014-05-01,D,750372160
2014-05-01,E,1569319
2014-05-01,F,44841664
2014-05-01,G,1025878912
2014-05-01,H,62909144
2014-05-01,I,2385592
2014-05-01,J,74218488
2014-05-01,K,36096984
2014-05-01,L,1172744
2014-05-01,M,9740198
2014-05-01,N,245404096
2014-05-01,P,525497
2014-05-01,Q,5132976
2014-05-01,R,1033356
2014-05-01,S,4368605
2014-05-01,Z,285980
2014-06-01,A,17193872
2014-06-01,B,244366544
2014-06-01,C,2913001728
2014-06-01,D,867994432
2014-06-01,E,1544961
2014-06-01,F,75694384
2014-06-01,G,1028140416
2014-06-01,H,209802144
2014-06-01,I,4973677
2014-06-01,J,40630792
2014-06-01,K,5117149
2014-06-01,L,843831
2014-06-01,M,9340602
2014-06-01,N,454574240
2014-06-01,P,125487
2014-06-01,Q,4274821
2014-06-01,R,3414994
2014-06-01,S,7506089
2014-06-01,Z,276696
2014-07-01,A,9936130
2014-07-01,B,226384576
2014-07-01,C,3000790016
2014-07-01,D,652613568
2014-07-01,E,3037346
2014-07-01,F,27654336
2014-07-01,G,1126368384
2014-07-01,H,130043496
2014-07-01,I,2355718
2014-07-01,J,52800908
2014-07-01,K,21227934
2014-07-01,L,1317960
2014-07-01,M,17683192
2014-07-01,N,498634624
2014-07-01,P,134324
2014-07-01,Q,6151567
2014-07-01,R,4303532
2014-07-01,S,3581407
2014-07-01,Z,251110
2014-08-01,A,13916807
2014-08-01,B,294988704
2014-08-01,C,2910096896
2014-08-01,D,802589568
2014-08-01,E,5281478
2014-08-01,F,44114688
2014-08-01,G,1089844608
2014-08-01,H,138448384
2014-08-01,I,2063958
2014-08-01,J,59929520
2014-08-01,K,8184649
2014-08-01,L,1176842
2014-08-01,M,12615119
2014-08-01,N,133721448
2014-08-01,P,-99
2014-08-01,Q,5234654
2014-08-01,R,112599
2014-08-01,S,5305517
2014-08-01,Z,137625
2014-09-01,A,21198900
2014-09-01,B,276913248
2014-09-01,C,3152241152
2014-09-01,D,687104448
2014-09-01,E,8563087
2014-09-01,F,67769656
2014-09-01,G,1144152576
2014-09-01,H,192387712
2014-09-01,I,2775493
2014-09-01,J,55604008
2014-09-01,K,14707372
2014-09-01,L,1541718
2014-09-01,M,11308578
2014-09-01,N,64255112
2014-09-01,P,198900
2014-09-01,Q,4672813
2014-09-01,R,6466502
2014-09-01,S,5602552
2014-09-01,Z,193557
2014-10-01,A,39997828
2014-10-01,B,298176064
2014-10-01,C,3069603584
2014-10-01,D,319076640
2014-10-01,E,8278776
2014-10-01,F,18437004
2014-10-01,G,1202112000
2014-10-01,H,88682088
2014-10-01,I,1495914
2014-10-01,J,62368456
2014-10-01,K,9380055
2014-10-01,L,1427091
2014-10-01,M,11691006
2014-10-01,N,7827368
2014-10-01,P,92500
2014-10-01,Q,8833810
2014-10-01,R,6790328
2014-10-01,S,3038696
2014-10-01,Z,276823
2014-11-01,A,20247480
2014-11-01,B,283387648
2014-11-01,C,2501746944
2014-11-01,D,67376464
2014-11-01,E,4507974
2014-11-01,F,32998208
2014-11-01,G,1421988224
2014-11-01,H,231933184
2014-11-01,I,2142266
2014-11-01,J,74052472
2014-11-01,K,6375886
2014-11-01,L,3867657
2014-11-01,M,10952189
2014-11-01,N,5009701
2014-11-01,P,122966
2014-11-01,Q,6465002
2014-11-01,R,4109227
2014-11-01,S,4524682
2014-11-01,Z,105689
2014-12-01,A,24964256
2014-12-01,B,276264448
2014-12-01,C,2417771776
2014-12-01,D,91541104
2014-12-01,E,4160912
2014-12-01,F,31318460
2014-12-01,G,1370109952
2014-12-01,H,18030368
2014-12-01,I,2289380
2014-12-01,J,73646192
2014-12-01,K,8506230
2014-12-01,L,5004843
2014-12-01,M,14265669
2014-12-01,N,7851904
2014-12-01,P,182473
2014-12-01,Q,6981051
2014-12-01,R,260600
2014-12-01,S,4717434
2014-12-01,Z,3935634
2015-01-01,A,26314140
2015-01-01,B,290121248
2015-01-01,C,2443305472
2015-01-01,D,145317120
2015-01-01,E,4219847
2015-01-01,F,48663512
2015-01-01,G,1151924608
2015-01-01,H,21139144
2015-01-01,I,1039658
2015-01-01,J,76555440
2015-01-01,K,5581314
2015-01-01,L,2604349
2015-01-01,M,14932770
2015-01-01,N,7234476
2015-01-01,P,-99
2015-01-01,Q,3413352
2015-01-01,R,72810
2015-01-01,S,4924377
2015-01-01,Z,57704
2015-02-01,A,14997508
2015-02-01,B,215014800
2015-02-01,C,2404426240
2015-02-01,D,257669408
2015-02-01,E,1249994
2015-02-01,F,55314816
2015-02-01,G,914576896
2015-02-01,H,15047729
2015-02-01,I,2099596
2015-02-01,J,72720864
2015-02-01,K,4928402
2015-02-01,L,1595618
2015-02-01,M,11159960
2015-02-01,N,6221323
2015-02-01,P,-99
2015-02-01,Q,4583333
2015-02-01,R,1468404
2015-02-01,S,3372839
2015-02-01,Z,108426
2015-03-01,A,12941095
2015-03-01,B,263181152
2015-03-01,C,2921198592
2015-03-01,D,458364416
2015-03-01,E,4009288
2015-03-01,F,25384496
2015-03-01,G,999089024
2015-03-01,H,173919344
2015-03-01,I,2425207
2015-03-01,J,60109128
2015-03-01,K,2790604
2015-03-01,L,2609903
2015-03-01,M,19621652
2015-03-01,N,7963793
2015-03-01,P,-99
2015-03-01,Q,5000183
2015-03-01,R,4925253
2015-03-01,S,4673908
2015-03-01,Z,73468
2015-04-01,A,14587633
2015-04-01,B,258470880
2015-04-01,C,2769092352
2015-04-01,D,412336544
2015-04-01,E,4758142
2015-04-01,F,20809286
2015-04-01,G,1121689088
2015-04-01,H,125721376
2015-04-01,I,2747919
2015-04-01,J,59347208
2015-04-01,K,5089451
2015-04-01,L,1801189
2015-04-01,M,32955832
2015-04-01,N,146890560
2015-04-01,P,-99
2015-04-01,Q,8616641
2015-04-01,R,798017
2015-04-01,S,9031933
2015-04-01,Z,-99
2015-05-01,A,12583153
2015-05-01,B,198344224
2015-05-01,C,2790194176
2015-05-01,D,494187424
2015-05-01,E,7225388
2015-05-01,F,17323960
2015-05-01,G,1011060032
2015-05-01,H,96586432
2015-05-01,I,2049575
2015-05-01,J,63525232
2015-05-01,K,14158098
2015-05-01,L,1461765
2015-05-01,M,24245304
2015-05-01,N,171798720
2015-05-01,P,42071
2015-05-01,Q,5645965
2015-05-01,R,214078
2015-05-01,S,7263429
2015-05-01,Z,246161
2015-06-01,A,15005031
2015-06-01,B,211386672
2015-06-01,C,3183610112
2015-06-01,D,644274432
2015-06-01,E,2790399
2015-06-01,F,20734088
2015-06-01,G,1059694144
2015-06-01,H,67842160
2015-06-01,I,2049211
2015-06-01,J,81420848
2015-06-01,K,11312042
2015-06-01,L,2032242
2015-06-01,M,14763634
2015-06-01,N,301297344
2015-06-01,P,199708
2015-06-01,Q,7239206
2015-06-01,R,4542860
2015-06-01,S,12782282
2015-06-01,Z,35046
2015-07-01,A,14504726
2015-07-01,B,234336496
2015-07-01,C,3123008512
2015-07-01,D,522252928
2015-07-01,E,1775878
2015-07-01,F,46981464
2015-07-01,G,1255823360
2015-07-01,H,36005572
2015-07-01,I,2573361
2015-07-01,J,99007248
2015-07-01,K,6221648
2015-07-01,L,2488310
2015-07-01,M,9670814
2015-07-01,N,273467456
2015-07-01,P,12600102
2015-07-01,Q,13397137
2015-07-01,R,1555878
2015-07-01,S,4393836
2015-07-01,Z,342922
2015-08-01,A,13561747
2015-08-01,B,205247968
2015-08-01,C,3115732224
2015-08-01,D,627779968
2015-08-01,E,2892995
2015-08-01,F,27689708
2015-08-01,G,1158774272
2015-08-01,H,270524800
2015-08-01,I,2537866
2015-08-01,J,84164528
2015-08-01,K,15898129
2015-08-01,L,2176435
2015-08-01,M,16538179
2015-08-01,N,59538072
2015-08-01,P,-99
2015-08-01,Q,12130347
2015-08-01,R,5217637
2015-08-01,S,11881832
2015-08-01,Z,94362
2015-09-01,A,21494354
2015-09-01,B,171297728
2015-09-01,C,3090849792
2015-09-01,D,506966560
2015-09-01,E,5846174
2015-09-01,F,53631468
2015-09-01,G,1239207936
2015-09-01,H,116308336
2015-09-01,I,2530795
2015-09-01,J,89757552
2015-09-01,K,11328928
2015-09-01,L,1466165
2015-09-01,M,19325660
2015-09-01,N,55500272
2015-09-01,P,-99
2015-09-01,Q,18374002
2015-09-01,R,6760185
2015-09-01,S,9498584
2015-09-01,Z,-99
2015-10-01,A,18557396
2015-10-01,B,183563680
2015-10-01,C,2974291968
2015-10-01,D,156958960
2015-10-01,E,2483632
2015-10-01,F,24096892
2015-10-01,G,1194378752
2015-10-01,H,230243120
2015-10-01,I,3343867
2015-10-01,J,110328608
2015-10-01,K,6842480
2015-10-01,L,1712619
2015-10-01,M,9687237
2015-10-01,N,32148644
2015-10-01,P,-99
2015-10-01,Q,8399116
2015-10-01,R,4624493
2015-10-01,S,4741451
2015-10-01,Z,160092
2015-11-01,A,16847670
2015-11-01,B,166020800
2015-11-01,C,2724666624
2015-11-01,D,39772208
2015-11-01,E,1217904
2015-11-01,F,37145888
2015-11-01,G,1370553600
2015-11-01,H,247369056
2015-11-01,I,1521154
2015-11-01,J,70348576
2015-11-01,K,5807521
2015-11-01,L,3361197
2015-11-01,M,19466354
2015-11-01,N,14905974
2015-11-01,P,45524
2015-11-01,Q,7715541
2015-11-01,R,2879032
2015-11-01,S,3191170
2015-11-01,Z,275536
2015-12-01,A,25704092
2015-12-01,B,150314880
2015-12-01,C,2613996544
2015-12-01,D,94267312
2015-12-01,E,872623
2015-12-01,F,17118112
2015-12-01,G,1343142528
2015-12-01,H,86993024
2015-12-01,I,2575001
2015-12-01,J,81678816
2015-12-01,K,10125845
2015-12-01,L,4435576
2015-12-01,M,17149636
2015-12-01,N,6315871
2015-12-01,P,-99
2015-12-01,Q,7189797
2015-12-01,R,2043669
2015-12-01,S,8760279
2015-12-01,Z,230546
2016-01-01,A,12647900
2016-01-01,B,130136728
2016-01-01,C,2373167104
2016-01-01,D,148415920
2016-01-01,E,3300108
2016-01-01,F,17075528
2016-01-01,G,1047370816
2016-01-01,H,146071920
2016-01-01,I,3389641
2016-01-01,J,89061848
2016-01-01,K,16651111
2016-01-01,L,1546489
2016-01-01,M,9728888
2016-01-01,N,15044144
2016-01-01,P,-99
2016-01-01,Q,11770442
2016-01-01,R,4005634
2016-01-01,S,7664988
2016-01-01,Z,84465
2016-02-01,A,19242120
2016-02-01,B,113929408
2016-02-01,C,2536618752
2016-02-01,D,60770308
2016-02-01,E,4992543
2016-02-01,F,18046824
2016-02-01,G,969983232
2016-02-01,H,112478984
2016-02-01,I,2136129
2016-02-01,J,79768568
2016-02-01,K,20277568
2016-02-01,L,1424071
2016-02-01,M,12082238
2016-02-01,N,45562068
2016-02-01,P,57106
2016-02-01,Q,10077198
2016-02-01,R,2376631
2016-02-01,S,3988176
2016-02-01,Z,-99
2016-03-01,A,18118612
2016-03-01,B,111186152
2016-03-01,C,2884406272
2016-03-01,D,297276192
2016-03-01,E,970109
2016-03-01,F,15309957
2016-03-01,G,1151796608
2016-03-01,H,39404268
2016-03-01,I,2425619
2016-03-01,J,59322736
2016-03-01,K,6182238
2016-03-01,L,2281499
2016-03-01,M,12069575
2016-03-01,N,59411104
2016-03-01,P,53273
2016-03-01,Q,6116259
2016-03-01,R,17406482
2016-03-01,S,8156991
2016-03-01,Z,83210
2016-04-01,A,18748076
2016-04-01,B,131108296
2016-04-01,C,2748865792
2016-04-01,D,126258080
2016-04-01,E,1850704
2016-04-01,F,17509162
2016-04-01,G,1095744512
2016-04-01,H,74352800
2016-04-01,I,1933855
2016-04-01,J,90552288
2016-04-01,K,7664380
2016-04-01,L,1190582
2016-04-01,M,12943815
2016-04-01,N,62528732
2016-04-01,P,456869
2016-04-01,Q,6769187
2016-04-01,R,1119896
2016-04-01,S,4682070
2016-04-01,Z,122814
2016-05-01,A,26706528
2016-05-01,B,157427648
2016-05-01,C,2794442240
2016-05-01,D,237582896
2016-05-01,E,502828
2016-05-01,F,37657716
2016-05-01,G,1188930432
2016-05-01,H,209634464
2016-05-01,I,2385062
2016-05-01,J,97530952
2016-05-01,K,12591952
2016-05-01,L,1746210
2016-05-01,M,7595166
2016-05-01,N,76134448
2016-05-01,P,345103
2016-05-01,Q,9298244
2016-05-01,R,524019
2016-05-01,S,14877840
2016-05-01,Z,-99
2016-06-01,A,16547122
2016-06-01,B,178169488
2016-06-01,C,2720823296
2016-06-01,D,362158912
2016-06-01,E,249976
2016-06-01,F,22207556
2016-06-01,G,1150832128
2016-06-01,H,190216528
2016-06-01,I,3195649
2016-06-01,J,75325000
2016-06-01,K,18118808
2016-06-01,L,1355307
2016-06-01,M,7806979
2016-06-01,N,350752160
2016-06-01,P,-99
2016-06-01,Q,7838481
2016-06-01,R,1773608
2016-06-01,S,21630948
2016-06-01,Z,-99
2016-07-01,A,20628516
2016-07-01,B,212476400
2016-07-01,C,2492755968
2016-07-01,D,242829376
2016-07-01,E,3380475
2016-07-01,F,15249821
2016-07-01,G,1091769344
2016-07-01,H,130012096
2016-07-01,I,1373567
2016-07-01,J,88499312
2016-07-01,K,10508399
2016-07-01,L,578917
2016-07-01,M,13578699
2016-07-01,N,704848640
2016-07-01,P,18528
2016-07-01,Q,6894812
2016-07-01,R,1762840
2016-07-01,S,8796456
2016-07-01,Z,48184
2016-08-01,A,22858214
2016-08-01,B,157215312
2016-08-01,C,2948381440
2016-08-01,D,272264672
2016-08-01,E,1572693
2016-08-01,F,22166578
2016-08-01,G,1225424640
2016-08-01,H,221288512
2016-08-01,I,2793277
2016-08-01,J,89985144
2016-08-01,K,16471559
2016-08-01,L,746104
2016-08-01,M,14061989
2016-08-01,N,493324960
2016-08-01,P,148383
2016-08-01,Q,11903927
2016-08-01,R,11407845
2016-08-01,S,10490919
2016-08-01,Z,760156
2016-09-01,A,28710472
2016-09-01,B,144327488
2016-09-01,C,2762822144
2016-09-01,D,202685392
2016-09-01,E,703579
2016-09-01,F,20658304
2016-09-01,G,1258265600
2016-09-01,H,135816224
2016-09-01,I,3538665
2016-09-01,J,77591232
2016-09-01,K,19671378
2016-09-01,L,1496446
2016-09-01,M,14784505
2016-09-01,N,12202711
2016-09-01,P,-99
2016-09-01,Q,5589549
2016-09-01,R,156876512
2016-09-01,S,5799521
2016-09-01,Z,31500
2016-10-01,A,25206846
2016-10-01,B,119848464
2016-10-01,C,2515875328
2016-10-01,D,468673664
2016-10-01,E,1370048
2016-10-01,F,21050218
2016-10-01,G,1232960000
2016-10-01,H,328223456
2016-10-01,I,2828342
2016-10-01,J,79132864
2016-10-01,K,16577700
2016-10-01,L,1309076
2016-10-01,M,13519682
2016-10-01,N,8617227
2016-10-01,P,241984
2016-10-01,Q,9338786
2016-10-01,R,2891344
2016-10-01,S,5613583
2016-10-01,Z,86289
2016-11-01,A,22152330
2016-11-01,B,112900272
2016-11-01,C,2727544576
2016-11-01,D,102383320
2016-11-01,E,260063
2016-11-01,F,21729084
2016-11-01,G,1336748032
2016-11-01,H,334438304
2016-11-01,I,2816387
2016-11-01,J,56787780
2016-11-01,K,14033743
2016-11-01,L,2325322
2016-11-01,M,9842578
2016-11-01,N,8442760
2016-11-01,P,145219
2016-11-01,Q,10417405
2016-11-01,R,1139233
2016-11-01,S,4547923
2016-11-01,Z,97373
2016-12-01,A,22343424
2016-12-01,B,106234992
2016-12-01,C,2574827008
2016-12-01,D,146497392
2016-12-01,E,584117
2016-12-01,F,28449664
2016-12-01,G,1194882432
2016-12-01,H,320396352
2016-12-01,I,3202494
2016-12-01,J,48253036
2016-12-01,K,24123744
2016-12-01,L,2403375
2016-12-01,M,8383427
2016-12-01,N,10384732
2016-12-01,P,38966
2016-12-01,Q,9013830
2016-12-01,R,543727
2016-12-01,S,4412435
2016-12-01,Z,58180
2017-01-01,A,23909392
2017-01-01,B,145225856
2017-01-01,C,2386784768
2017-01-01,D,441001184
2017-01-01,E,518127
2017-01-01,F,41084312
2017-01-01,G,1220046848
2017-01-01,H,124793240
2017-01-01,I,3337743
2017-01-01,J,76624096
2017-01-01,K,10693945
2017-01-01,L,571609
2017-01-01,M,8193052
2017-01-01,N,154488128
2017-01-01,P,35885
2017-01-01,Q,6847647
2017-01-01,R,1162797
2017-01-01,S,5498415
2017-01-01,Z,83234
2017-02-01,A,23380796
2017-02-01,B,127291120
2017-02-01,C,2420758784
2017-02-01,D,76518904
2017-02-01,E,1244440
2017-02-01,F,24880710
2017-02-01,G,1017372160
2017-02-01,H,225306256
2017-02-01,I,2875463
2017-02-01,J,58209904
2017-02-01,K,9754556
2017-02-01,L,464550
2017-02-01,M,10330899
2017-02-01,N,17163756
2017-02-01,P,59446
2017-02-01,Q,5372772
2017-02-01,R,1403476
2017-02-01,S,5709754
2017-02-01,Z,-99
2017-03-01,A,27931064
2017-03-01,B,139729552
2017-03-01,C,3283189248
2017-03-01,D,284692064
2017-03-01,E,1534883
2017-03-01,F,60447784
2017-03-01,G,1408552704
2017-03-01,H,185635680
2017-03-01,I,3437341
2017-03-01,J,95372160
2017-03-01,K,12707052
2017-03-01,L,690109
2017-03-01,M,10697406
2017-03-01,N,52117576
2017-03-01,P,192915
2017-03-01,Q,8972794
2017-03-01,R,2575052
2017-03-01,S,4926539
2017-03-01,Z,145455
2017-04-01,A,23002560
2017-04-01,B,134603136
2017-04-01,C,2889999616
2017-04-01,D,204766640
2017-04-01,E,1887830
2017-04-01,F,41622824
2017-04-01,G,1231527168
2017-04-01,H,151463824
2017-04-01,I,2248712
2017-04-01,J,76073008
2017-04-01,K,24930284
2017-04-01,L,967387
2017-04-01,M,9145783
2017-04-01,N,33152356
2017-04-01,P,64038
2017-04-01,Q,9538593
2017-04-01,R,6799966
2017-04-01,S,8850758
2017-04-01,Z,-99
2017-05-01,A,21926502
2017-05-01,B,183926144
2017-05-01,C,3441747712
2017-05-01,D,496495360
2017-05-01,E,2177963
2017-05-01,F,30900080
2017-05-01,G,1405430400
2017-05-01,H,164816272
2017-05-01,I,3551353
2017-05-01,J,81432752
2017-05-01,K,26798000
2017-05-01,L,1266721
2017-05-01,M,12198258
2017-05-01,N,136780288
2017-05-01,P,-99
2017-05-01,Q,10655256
2017-05-01,R,698108
2017-05-01,S,13756386
2017-05-01,Z,131013
2017-06-01,A,16431653
2017-06-01,B,161776928
2017-06-01,C,3182927872
2017-06-01,D,453197056
2017-06-01,E,1581385
2017-06-01,F,28831108
2017-06-01,G,1417031296
2017-06-01,H,93850480
2017-06-01,I,5362218
2017-06-01,J,83967720
2017-06-01,K,24583728
2017-06-01,L,3900026
2017-06-01,M,13015904
2017-06-01,N,226852176
2017-06-01,P,121034
2017-06-01,Q,12214881
2017-06-01,R,396579
2017-06-01,S,10693803
2017-06-01,Z,-99
2017-07-01,A,15258683
2017-07-01,B,143784560
2017-07-01,C,3309551616
2017-07-01,D,549951616
2017-07-01,E,2178496
2017-07-01,F,50153828
2017-07-01,G,1434290304
2017-07-01,H,240849264
2017-07-01,I,3089194
2017-07-01,J,86992216
2017-07-01,K,7846145
2017-07-01,L,1510705
2017-07-01,M,21455112
2017-07-01,N,183905904
2017-07-01,P,92692
2017-07-01,Q,7579894
2017-07-01,R,797527
2017-07-01,S,13813309
2017-07-01,Z,2747738
2017-08-01,A,28748536
2017-08-01,B,123610192
2017-08-01,C,3607292672
2017-08-01,D,411019232
2017-08-01,E,1610127
2017-08-01,F,43606344
2017-08-01,G,1647110784
2017-08-01,H,218204512
2017-08-01,I,3360451
2017-08-01,J,103206472
2017-08-01,K,37973272
2017-08-01,L,898640
2017-08-01,M,12531995
2017-08-01,N,52118240
2017-08-01,P,101583
2017-08-01,Q,11992445
2017-08-01,R,861460
2017-08-01,S,7133695
2017-08-01,Z,945537
2017-09-01,A,28397008
2017-09-01,B,148570432
2017-09-01,C,3494719744
2017-09-01,D,360651904
2017-09-01,E,2204200
2017-09-01,F,29924164
2017-09-01,G,1636189440
2017-09-01,H,167103824
2017-09-01,I,3618716
2017-09-01,J,111081696
2017-09-01,K,25408308
2017-09-01,L,1571852
2017-09-01,M,12408383
2017-09-01,N,12016623
2017-09-01,P,100122
2017-09-01,Q,9357852
2017-09-01,R,1688255
2017-09-01,S,9814612
2017-09-01,Z,2278833
2017-10-01,A,32390732
2017-10-01,B,156892928
2017-10-01,C,3684149504
2017-10-01,D,125112712
2017-10-01,E,2788765
2017-10-01,F,59748784
2017-10-01,G,1688114304
2017-10-01,H,128925960
2017-10-01,I,3936466
2017-10-01,J,129231272
2017-10-01,K,27399208
2017-10-01,L,1536328
2017-10-01,M,19352806
2017-10-01,N,16603503
2017-10-01,P,74091
2017-10-01,Q,12426011
2017-10-01,R,2596019
2017-10-01,S,6708076
2017-10-01,Z,375196
2017-11-01,A,27123890
2017-11-01,B,213500896
2017-11-01,C,3702241280
2017-11-01,D,101538048
2017-11-01,E,2153311
2017-11-01,F,39570072
2017-11-01,G,1715125120
2017-11-01,H,99478600
2017-11-01,I,3214083
2017-11-01,J,98270664
2017-11-01,K,18096812
2017-11-01,L,1684782
2017-11-01,M,14409813
2017-11-01,N,17255140
2017-11-01,P,-99
2017-11-01,Q,15885197
2017-11-01,R,4763445
2017-11-01,S,10045723
2017-11-01,Z,432714
2017-12-01,A,29883734
2017-12-01,B,169287456
2017-12-01,C,3120784640
2017-12-01,D,69545704
2017-12-01,E,1326174
2017-12-01,F,43037968
2017-12-01,G,1613810688
2017-12-01,H,116173832
2017-12-01,I,4466443
2017-12-01,J,93734496
2017-12-01,K,48468620
2017-12-01,L,1953753
2017-12-01,M,10062458
2017-12-01,N,17031184
2017-12-01,P,210171
2017-12-01,Q,8485235
2017-12-01,R,2397500
2017-12-01,S,9633104
2017-12-01,Z,77933
2018-01-01,A,19867926
2018-01-01,B,210292336
2018-01-01,C,3342631424
2018-01-01,D,61631100
2018-01-01,E,1437247
2018-01-01,F,47015828
2018-01-01,G,1586477312
2018-01-01,H,310834784
2018-01-01,I,4992706
2018-01-01,J,132038432
2018-01-01,K,45225936
2018-01-01,L,1720483
2018-01-01,M,23243010
2018-01-01,N,16065535
2018-01-01,P,298822
2018-01-01,Q,11814687
2018-01-01,R,1913619
2018-01-01,S,10233095
2018-01-01,Z,279169
2018-02-01,A,19085964
2018-02-01,B,110903152
2018-02-01,C,3316181760
2018-02-01,D,122737600
2018-02-01,E,3067811
2018-02-01,F,39084464
2018-02-01,G,1324561024
2018-02-01,H,220960432
2018-02-01,I,3630229
2018-02-01,J,71329160
2018-02-01,K,24012692
2018-02-01,L,2278482
2018-02-01,M,15624257
2018-02-01,N,15080498
2018-02-01,P,114365
2018-02-01,Q,3905897
2018-02-01,R,1523462
2018-02-01,S,5780763
2018-02-01,Z,2036373
2018-03-01,A,19332840
2018-03-01,B,155280800
2018-03-01,C,3823797248
2018-03-01,D,510218752
2018-03-01,E,603182
2018-03-01,F,35620368
2018-03-01,G,1431020928
2018-03-01,H,81487456
2018-03-01,I,3283940
2018-03-01,J,90572656
2018-03-01,K,4827567
2018-03-01,L,693288
2018-03-01,M,11111399
2018-03-01,N,13521831
2018-03-01,P,325887
2018-03-01,Q,7184262
2018-03-01,R,1871161
2018-03-01,S,8794322
2018-03-01,Z,-99
2018-04-01,A,16478166
2018-04-01,B,245647408
2018-04-01,C,3860725504
2018-04-01,D,111507504
2018-04-01,E,436583
2018-04-01,F,39265708
2018-04-01,G,1419740928
2018-04-01,H,80446712
2018-04-01,I,3930355
2018-04-01,J,129471504
2018-04-01,K,5328596
2018-04-01,L,955170
2018-04-01,M,26554128
2018-04-01,N,15816093
2018-04-01,P,88877
2018-04-01,Q,8115493
2018-04-01,R,848260
2018-04-01,S,8831330
2018-04-01,Z,609213
2018-05-01,A,27583064
2018-05-01,B,246466592
2018-05-01,C,3856591360
2018-05-01,D,450657280
2018-05-01,E,910199
2018-05-01,F,32884118
2018-05-01,G,1408974720
2018-05-01,H,81500568
2018-05-01,I,4023837
2018-05-01,J,123448088
2018-05-01,K,2900225
2018-05-01,L,1439563
2018-05-01,M,11258756
2018-05-01,N,188539488
2018-05-01,P,148940
2018-05-01,Q,13192249
2018-05-01,R,1958300
2018-05-01,S,8871764
2018-05-01,Z,29046
2018-06-01,A,16538042
2018-06-01,B,192669104
2018-06-01,C,3119720704
2018-06-01,D,550259904
2018-06-01,E,309654
2018-06-01,F,44816156
2018-06-01,G,1202792576
2018-06-01,H,195466032
2018-06-01,I,4326824
2018-06-01,J,111303856
2018-06-01,K,5796162
2018-06-01,L,1411857
2018-06-01,M,9001491
2018-06-01,N,186619040
2018-06-01,P,104369
2018-06-01,Q,11431716
2018-06-01,R,516975
2018-06-01,S,3862590
2018-06-01,Z,-99
2018-07-01,A,21311500
2018-07-01,B,324814848
2018-07-01,C,3407705856
2018-07-01,D,498200096
2018-07-01,E,907772
2018-07-01,F,33471744
2018-07-01,G,1408889344
2018-07-01,H,100051688
2018-07-01,I,4659275
2018-07-01,J,127351576
2018-07-01,K,15173416
2018-07-01,L,553780
2018-07-01,M,11051865
2018-07-01,N,251013360
2018-07-01,P,73788
2018-07-01,Q,7159847
2018-07-01,R,1230640
2018-07-01,S,10990475
2018-07-01,Z,987999
2018-08-01,A,28217352
2018-08-01,B,374029152
2018-08-01,C,3486767104
2018-08-01,D,382322880
2018-08-01,E,957021
2018-08-01,F,48835348
2018-08-01,G,1462376960
2018-08-01,H,85630672
2018-08-01,I,3599535
2018-08-01,J,135385152
2018-08-01,K,6536975
2018-08-01,L,1458395
2018-08-01,M,10182477
2018-08-01,N,98977312
2018-08-01,P,422320
2018-08-01,Q,8578512
2018-08-01,R,23397492
2018-08-01,S,7295780
2018-08-01,Z,36250
2018-09-01,A,17335348
2018-09-01,B,377045632
2018-09-01,C,2710556928
2018-09-01,D,318385440
2018-09-01,E,1506395
2018-09-01,F,23610252
2018-09-01,G,1123397888
2018-09-01,H,39301092
2018-09-01,I,3013103
2018-09-01,J,85079864
2018-09-01,K,2360707
2018-09-01,L,345164
2018-09-01,M,6561019
2018-09-01,N,16471343
2018-09-01,P,170322
2018-09-01,Q,9257831
2018-09-01,R,1380779
2018-09-01,S,8426359
2018-09-01,Z,274598
2018-10-01,A,37203072
2018-10-01,B,301123488
2018-10-01,C,2942595840
2018-10-01,D,86713016
2018-10-01,E,2118553
2018-10-01,F,44470032
2018-10-01,G,1289759744
2018-10-01,H,149462528
2018-10-01,I,4157605
2018-10-01,J,91462528
2018-10-01,K,1259885
2018-10-01,L,1761747
2018-10-01,M,10652464
2018-10-01,N,18722848
2018-10-01,P,167454
2018-10-01,Q,6810653
2018-10-01,R,1909025
2018-10-01,S,12273523
2018-10-01,Z,658670
2018-11-01,A,23007148
2018-11-01,B,243699776
2018-11-01,C,2609677824
2018-11-01,D,43594568
2018-11-01,E,783445
2018-11-01,F,27982188
2018-11-01,G,1074259072
2018-11-01,H,169252816
2018-11-01,I,4010636
2018-11-01,J,58704080
2018-11-01,K,6398428
2018-11-01,L,1557224
2018-11-01,M,14330400
2018-11-01,N,18010680
2018-11-01,P,75844
2018-11-01,Q,9401977
2018-11-01,R,994103
2018-11-01,S,10016165
2018-11-01,Z,48122
2018-12-01,A,18998474
2018-12-01,B,210657904
2018-12-01,C,2176698368
2018-12-01,D,127026888
2018-12-01,E,770648
2018-12-01,F,40760620
2018-12-01,G,1039268928
2018-12-01,H,303058944
2018-12-01,I,2796269
2018-12-01,J,89110360
2018-12-01,K,3403083
2018-12-01,L,989733
2018-12-01,M,10521793
2018-12-01,N,11693987
2018-12-01,P,79102
2018-12-01,Q,9192579
2018-12-01,R,1752999
2018-12-01,S,8679814
2018-12-01,Z,121964
2019-01-01,A,16471521
2019-01-01,B,257669584
2019-01-01,C,2380161024
2019-01-01,D,90032904
2019-01-01,E,1791575
2019-01-01,F,40533096
2019-01-01,G,991676160
2019-01-01,H,142216368
2019-01-01,I,3100498
2019-01-01,J,95531280
2019-01-01,K,2173449
2019-01-01,L,1442521
2019-01-01,M,8601789
2019-01-01,N,12344174
2019-01-01,P,53419
2019-01-01,Q,10538458
2019-01-01,R,668630
2019-01-01,S,2706970
2019-01-01,Z,35599
2019-02-01,A,19478372
2019-02-01,B,597168704
2019-02-01,C,2280987392
2019-02-01,D,338216064
2019-02-01,E,1799171
2019-02-01,F,52320128
2019-02-01,G,973248512
2019-02-01,H,69912872
2019-02-01,I,3140011
2019-02-01,J,80903792
2019-02-01,K,1209494
2019-02-01,L,816985
2019-02-01,M,6516313
2019-02-01,N,12450856
2019-02-01,P,194197
2019-02-01,Q,3735702
2019-02-01,R,720093
2019-02-01,S,2373921
2019-02-01,Z,1989701
2019-03-01,A,20915498
2019-03-01,B,274350848
2019-03-01,C,2315143680
2019-03-01,D,182947808
2019-03-01,E,2183586
2019-03-01,F,29404108
2019-03-01,G,1041023872
2019-03-01,H,36519216
2019-03-01,I,1667763
2019-03-01,J,69089568
2019-03-01,K,3794451
2019-03-01,L,2883714
2019-03-01,M,11991562
2019-03-01,N,10894243
2019-03-01,P,530350
2019-03-01,Q,8675731
2019-03-01,R,4576132
2019-03-01,S,7328171
2019-03-01,Z,2926256
2019-04-01,A,22382644
2019-04-01,B,340699328
2019-04-01,C,2450600704
2019-04-01,D,206857872
2019-04-01,E,2262354
2019-04-01,F,33684576
2019-04-01,G,882376576
2019-04-01,H,229229920
2019-04-01,I,4043512
2019-04-01,J,88279376
2019-04-01,K,1083987
2019-04-01,L,654365
2019-04-01,M,9770830
2019-04-01,N,12898451
2019-04-01,P,102895
2019-04-01,Q,4262044
2019-04-01,R,6492331
2019-04-01,S,7209602
2019-04-01,Z,10030366
2019-05-01,A,18184344
2019-05-01,B,259069280
2019-05-01,C,2590530560
2019-05-01,D,332636352
2019-05-01,E,2676752
2019-05-01,F,47821500
2019-05-01,G,1200805376
2019-05-01,H,78484208
2019-05-01,I,5385469
2019-05-01,J,97343848
2019-05-01,K,3063314
2019-05-01,L,905514
2019-05-01,M,5195513
2019-05-01,N,13682288
2019-05-01,P,116836
2019-05-01,Q,6319228
2019-05-01,R,1035445
2019-05-01,S,5669475
2019-05-01,Z,4921042
2019-06-01,A,22452120
2019-06-01,B,238385328
2019-06-01,C,2210292736
2019-06-01,D,372686400
2019-06-01,E,1576520
2019-06-01,F,44455984
2019-06-01,G,1089563904
2019-06-01,H,129428104
2019-06-01,I,2685854
2019-06-01,J,96919144
2019-06-01,K,-99
2019-06-01,L,1502713
2019-06-01,M,4749319
2019-06-01,N,38755088
2019-06-01,P,436308
2019-06-01,Q,7598000
2019-06-01,R,1062327
2019-06-01,S,8355753
2019-06-01,Z,8793256
2019-07-01,A,19719564
2019-07-01,B,275658048
2019-07-01,C,2626039040
2019-07-01,D,450443584
2019-07-01,E,2767842
2019-07-01,F,45728048
2019-07-01,G,1432286208
2019-07-01,H,78498344
2019-07-01,I,4506901
2019-07-01,J,113262056
2019-07-01,K,1104696
2019-07-01,L,864210
2019-07-01,M,10340253
2019-07-01,N,13440550
2019-07-01,P,58258
2019-07-01,Q,7267259
2019-07-01,R,1186296
2019-07-01,S,10103265
2019-07-01,Z,5369285
2019-08-01,A,16671781
2019-08-01,B,197109536
2019-08-01,C,2399490304
2019-08-01,D,295046272
2019-08-01,E,3042311
2019-08-01,F,32041262
2019-08-01,G,1012534784
2019-08-01,H,82557824
2019-08-01,I,3990199
2019-08-01,J,106496624
2019-08-01,K,9192825
2019-08-01,L,1341979
2019-08-01,M,9934529
2019-08-01,N,66402584
2019-08-01,P,148835
2019-08-01,Q,6757142
2019-08-01,R,1256877
2019-08-01,S,5044448
2019-08-01,Z,6596756
2019-09-01,A,26705172
2019-09-01,B,204681232
2019-09-01,C,2289105920
2019-09-01,D,198068224
2019-09-01,E,2788149
2019-09-01,F,37688152
2019-09-01,G,1311004416
2019-09-01,H,61280240
2019-09-01,I,2750934
2019-09-01,J,85576576
2019-09-01,K,1422004
2019-09-01,L,541278
2019-09-01,M,11292921
2019-09-01,N,12345458
2019-09-01,P,65226
2019-09-01,Q,5676868
2019-09-01,R,453850
2019-09-01,S,3577035
2019-09-01,Z,4529376
2019-10-01,A,28396948
2019-10-01,B,135113328
2019-10-01,C,2284198144
2019-10-01,D,212423168
2019-10-01,E,1079289
2019-10-01,F,57415476
2019-10-01,G,1049344896
2019-10-01,H,135454992
2019-10-01,I,3474462
2019-10-01,J,112484632
2019-10-01,K,1656054
2019-10-01,L,444861
2019-10-01,M,13746924
2019-10-01,N,10803053
2019-10-01,P,144260
2019-10-01,Q,5163849
2019-10-01,R,11592399
2019-10-01,S,4050585
2019-10-01,Z,3944105
2019-11-01,A,36867812
2019-11-01,B,181409344
2019-11-01,C,1938127744
2019-11-01,D,27823402
2019-11-01,E,966282
2019-11-01,F,32413864
2019-11-01,G,1075888896
2019-11-01,H,198014256
2019-11-01,I,2696916
2019-11-01,J,61792292
2019-11-01,K,2069046
2019-11-01,L,1096535
2019-11-01,M,5568817
2019-11-01,N,9168862
2019-11-01,P,-99
2019-11-01,Q,6342357
2019-11-01,R,1129972
2019-11-01,S,4336761
2019-11-01,Z,460616
2019-12-01,A,19090268
2019-12-01,B,149997472
2019-12-01,C,1798116992
2019-12-01,D,23796704
2019-12-01,E,1091481
2019-12-01,F,27278032
2019-12-01,G,1153436928
2019-12-01,H,78125888
2019-12-01,I,4452186
2019-12-01,J,67298360
2019-12-01,K,317638
2019-12-01,L,589531
2019-12-01,M,5515526
2019-12-01,N,13363861
2019-12-01,P,275047
2019-12-01,Q,5423121
2019-12-01,R,3850080
2019-12-01,S,6307140
2019-12-01,Z,2714628
2020-01-01,A,13024795
2020-01-01,B,204036640
2020-01-01,C,1919061120
2020-01-01,D,410297984
2020-01-01,E,1819790
2020-01-01,F,22219346
2020-01-01,G,924458048
2020-01-01,H,81717632
2020-01-01,I,3160770
2020-01-01,J,97514032
2020-01-01,K,1721864
2020-01-01,L,1264731
2020-01-01,M,7081524
2020-01-01,N,9244465
2020-01-01,P,-99
2020-01-01,Q,5622531
2020-01-01,R,1144824
2020-01-01,S,6717004
2020-01-01,Z,175386
2020-02-01,A,10504985
2020-02-01,B,143017120
2020-02-01,C,1907878272
2020-02-01,D,304130432
2020-02-01,E,663056
2020-02-01,F,18542032
2020-02-01,G,781372288
2020-02-01,H,24478034
2020-02-01,I,1719297
2020-02-01,J,63018264
2020-02-01,K,1699163
2020-02-01,L,1176842
2020-02-01,M,8033299
2020-02-01,N,8789183
2020-02-01,P,95474
2020-02-01,Q,6105901
2020-02-01,R,522461
2020-02-01,S,3507235
2020-02-01,Z,-99
2020-03-01,A,21028840
2020-03-01,B,104519368
2020-03-01,C,1966295040
2020-03-01,D,369594624
2020-03-01,E,341131
2020-03-01,F,13753493
2020-03-01,G,755484800
2020-03-01,H,10599810
2020-03-01,I,1498513
2020-03-01,J,44301132
2020-03-01,K,52280
2020-03-01,L,507390
2020-03-01,M,4193905
2020-03-01,N,10224757
2020-03-01,P,-99
2020-03-01,Q,5460808
2020-03-01,R,428561
2020-03-01,S,3973841
2020-03-01,Z,-99
2020-04-01,A,13544911
2020-04-01,B,129745112
2020-04-01,C,1696852608
2020-04-01,D,294609664
2020-04-01,E,392111
2020-04-01,F,23249628
2020-04-01,G,761084864
2020-04-01,H,13839765
2020-04-01,I,1217019
2020-04-01,J,44968392
2020-04-01,K,226223
2020-04-01,L,207783
2020-04-01,M,4186540
2020-04-01,N,22146940
2020-04-01,P,-99
2020-04-01,Q,8063880
2020-04-01,R,1291504
2020-04-01,S,2546494
2020-05-01,A,19129500
2020-05-01,B,92253744
2020-05-01,C,1880774784
2020-05-01,D,286559872
2020-05-01,E,630296
2020-05-01,F,10796696
2020-05-01,G,855688256
2020-05-01,H,18481452
2020-05-01,I,966493
2020-05-01,J,49118712
2020-05-01,K,4272059
2020-05-01,L,35472
2020-05-01,M,7518142
2020-05-01,N,6749108
2020-05-01,P,65410
2020-05-01,Q,5851613
2020-05-01,R,898325
2020-05-01,S,3529836
2020-06-01,A,16220416
2020-06-01,B,108738632
2020-06-01,C,1847008768
2020-06-01,D,369509536
2020-06-01,E,662525
2020-06-01,F,13962885
2020-06-01,G,897920384
2020-06-01,H,14335607
2020-06-01,I,1892657
2020-06-01,J,75180608
2020-06-01,K,-99
2020-06-01,L,68979
2020-06-01,M,4365237
2020-06-01,N,7443815
2020-06-01,P,-99
2020-06-01,Q,5903868
2020-06-01,R,294306
2020-06-01,S,4176324
2020-07-01,A,20238396
2020-07-01,B,96745824
2020-07-01,C,1920457472
2020-07-01,D,328245632
2020-07-01,E,586282
2020-07-01,F,13486439
2020-07-01,G,948425024
2020-07-01,H,42935724
2020-07-01,I,1187229
2020-07-01,J,79034272
2020-07-01,K,550005
2020-07-01,L,171509
2020-07-01,M,6718320
2020-07-01,N,171281424
2020-07-01,P,118234
2020-07-01,Q,6011049
2020-07-01,R,915207
2020-07-01,S,4577369
2020-07-01,Z,45051
2020-08-01,A,23872504
2020-08-01,B,113032400
2020-08-01,C,2025906688
2020-08-01,D,190291472
2020-08-01,E,556671
2020-08-01,F,8593111
2020-08-01,G,933652864
2020-08-01,H,18871170
2020-08-01,I,1049701
2020-08-01,J,69025872
2020-08-01,K,1713896
2020-08-01,L,339685
2020-08-01,M,6329113
2020-08-01,N,98663208
2020-08-01,P,575727
2020-08-01,Q,4836121
2020-08-01,R,1036023
2020-08-01,S,5206954
2020-09-01,A,35841468
2020-09-01,B,126137200
2020-09-01,C,2406560256
2020-09-01,D,190160336
2020-09-01,E,343294
2020-09-01,F,22491968
2020-09-01,G,1113284608
2020-09-01,H,29680468
2020-09-01,I,711881
2020-09-01,J,67237168
2020-09-01,K,224186
2020-09-01,L,431421
2020-09-01,M,10139776
2020-09-01,N,47267452
2020-09-01,P,174734
2020-09-01,Q,8213503
2020-09-01,R,217561
2020-09-01,S,4395202
2020-09-01,Z,-99
2020-10-01,A,24875764
2020-10-01,B,137457280
2020-10-01,C,2432251648
2020-10-01,D,117771472
2020-10-01,E,585514
2020-10-01,F,13026509
2020-10-01,G,1044295936
2020-10-01,H,49773952
2020-10-01,I,996694
2020-10-01,J,62020544
2020-10-01,K,619209
2020-10-01,L,466710
2020-10-01,M,6019949
2020-10-01,N,12698336
2020-10-01,P,180161
2020-10-01,Q,5524159
2020-10-01,R,1481301
2020-10-01,S,8872436
2020-10-01,Z,-99
2020-11-01,A,39156480
2020-11-01,B,185270464
2020-11-01,C,2448099584
2020-11-01,D,39836128
2020-11-01,E,683336
2020-11-01,F,12928879
2020-11-01,G,1217543296
2020-11-01,H,26311130
2020-11-01,I,615476
2020-11-01,J,48786368
2020-11-01,K,349318
2020-11-01,L,856321
2020-11-01,M,7163530
2020-11-01,N,14364649
2020-11-01,P,-99
2020-11-01,Q,8299252
2020-11-01,R,2543499
2020-11-01,S,14545057
2020-11-01,Z,286913
2020-12-01,A,24311240
2020-12-01,B,144547712
2020-12-01,C,2297970176
2020-12-01,D,46165404
2020-12-01,E,356086
2020-12-01,F,15753891
2020-12-01,G,1145562880
2020-12-01,H,46845040
2020-12-01,I,1686603
2020-12-01,J,62770828
2020-12-01,K,225635
2020-12-01,L,850174
2020-12-01,M,9264088
2020-12-01,N,19227716
2020-12-01,P,165516
2020-12-01,Q,6965138
2020-12-01,R,898104
2020-12-01,S,14897409
2020-12-01,Z,-99
2021-01-01,A,19441160
2021-01-01,B,126261768
2021-01-01,C,2281033984
2021-01-01,D,220107712
2021-01-01,E,1365656
2021-01-01,F,12594369
2021-01-01,G,986703424
2021-01-01,H,60050556
2021-01-01,I,599250
2021-01-01,J,65151960
2021-01-01,K,3585763
2021-01-01,L,706878
2021-01-01,M,6972070
2021-01-01,N,34221924
2021-01-01,P,111796
2021-01-01,Q,3035158
2021-01-01,R,708673
2021-01-01,S,3866097
2021-01-01,Z,-99
2021-02-01,A,17120740
2021-02-01,B,87016336
2021-02-01,C,2280487680
2021-02-01,D,136745408
2021-02-01,E,1200946
2021-02-01,F,17967940
2021-02-01,G,938024640
2021-02-01,H,91436208
2021-02-01,I,1470642
2021-02-01,J,55907648
2021-02-01,K,1072283
2021-02-01,L,3039670
2021-02-01,M,13064131
2021-02-01,N,32465912
2021-02-01,P,290884
2021-02-01,Q,4745620
2021-02-01,R,994535
2021-02-01,S,8250606
2021-02-01,Z,-99
2021-03-01,A,23608832
2021-03-01,B,172511472
2021-03-01,C,3362751744
2021-03-01,D,187427024
2021-03-01,E,1128247
2021-03-01,F,39360024
2021-03-01,G,1267500544
2021-03-01,H,27259608
2021-03-01,I,1953014
2021-03-01,J,53253108
2021-03-01,K,1490607
2021-03-01,L,563286
2021-03-01,M,9942094
2021-03-01,N,62981436
2021-03-01,P,-99
2021-03-01,Q,9366679
2021-03-01,R,1741131
2021-03-01,S,18392044
2021-04-01,A,32124984
2021-04-01,B,118991728
2021-04-01,C,2992882432
2021-04-01,D,171188864
2021-04-01,E,2803348
2021-04-01,F,14384233
2021-04-01,G,1046420544
2021-04-01,H,25610176
2021-04-01,I,1643595
2021-04-01,J,54405632
2021-04-01,K,251233
2021-04-01,L,464182
2021-04-01,M,13237504
2021-04-01,N,195596624
2021-04-01,P,-99
2021-04-01,Q,12119387
2021-04-01,R,69564
2021-04-01,S,13971191
2021-04-01,Z,-99
2021-05-01,A,32574210
2021-05-01,B,146485184
2021-05-01,C,3156579072
2021-05-01,D,299885760
2021-05-01,E,517730
2021-05-01,F,20985728
2021-05-01,G,1226098560
2021-05-01,H,86454816
2021-05-01,I,651402
2021-05-01,J,46148828
2021-05-01,K,575259
2021-05-01,L,244265
2021-05-01,M,6857220
2021-05-01,N,539990272
2021-05-01,P,406174
2021-05-01,Q,7026512
2021-05-01,R,345183
2021-05-01,S,7292202
2021-05-01,Z,-99
2021-06-01,A,20627116
2021-06-01,B,203014880
2021-06-01,C,3441864960
2021-06-01,D,415866240
2021-06-01,E,2616476
2021-06-01,F,10653164
2021-06-01,G,1354849280
2021-06-01,H,92032096
2021-06-01,I,1214067
2021-06-01,J,52384104
2021-06-01,K,2426825
2021-06-01,L,374549
2021-06-01,M,8831822
2021-06-01,N,283339488
2021-06-01,P,204862
2021-06-01,Q,6235032
2021-06-01,R,832571
2021-06-01,S,6583285
2021-06-01,Z,1194219
2021-07-01,A,22736156
2021-07-01,B,161360656
2021-07-01,C,3233383680
2021-07-01,D,465791680
2021-07-01,E,914019
2021-07-01,F,13904299
2021-07-01,G,1298916736
2021-07-01,H,102242560
2021-07-01,I,1222099
2021-07-01,J,50048020
2021-07-01,K,669529
2021-07-01,L,310944
2021-07-01,M,10696499
2021-07-01,N,186266992
2021-07-01,P,184612
2021-07-01,Q,6403019
2021-07-01,R,870286
2021-07-01,S,5175163
2021-07-01,Z,-99
2021-08-01,A,21380718
2021-08-01,B,164380560
2021-08-01,C,3297495552
2021-08-01,D,508219488
2021-08-01,E,618811
2021-08-01,F,14718985
2021-08-01,G,1263177472
2021-08-01,H,40746584
2021-08-01,I,1408219
2021-08-01,J,57182668
2021-08-01,K,-99
2021-08-01,L,885053
2021-08-01,M,8209568
2021-08-01,N,221060416
2021-08-01,P,266702
2021-08-01,Q,6731136
2021-08-01,R,8585440
2021-08-01,S,7865707
2021-08-01,Z,1377573
2021-09-01,A,28793640
2021-09-01,B,247959088
2021-09-01,C,3455499264
2021-09-01,D,286733824
2021-09-01,E,817831
2021-09-01,F,19702944
2021-09-01,G,1426984960
2021-09-01,H,170385088
2021-09-01,I,1862247
2021-09-01,J,83543456
2021-09-01,K,2279506
2021-09-01,L,822024
2021-09-01,M,11899482
2021-09-01,N,13249148
2021-09-01,P,-99
2021-09-01,Q,7149911
2021-09-01,R,1746873
2021-09-01,S,6796830
2021-09-01,Z,-99
2021-10-01,A,28322080
2021-10-01,B,316529472
2021-10-01,C,3094720000
2021-10-01,D,193596944
2021-10-01,E,1520275
2021-10-01,F,16330812
2021-10-01,G,1298856192
2021-10-01,H,109826080
2021-10-01,I,1651421
2021-10-01,J,79689800
2021-10-01,K,457876
2021-10-01,L,1017274
2021-10-01,M,10822938
2021-10-01,N,14165150
2021-10-01,P,73701
2021-10-01,Q,4408208
2021-10-01,R,673798
2021-10-01,S,5787349
2021-10-01,Z,490950
2021-11-01,A,33116426
2021-11-01,B,315265408
2021-11-01,C,3409508864
2021-11-01,D,53472720
2021-11-01,E,701374
2021-11-01,F,17279372
2021-11-01,G,1688599040
2021-11-01,H,156404800
2021-11-01,I,1904822
2021-11-01,J,67401272
2021-11-01,K,3371923
2021-11-01,L,2287716
2021-11-01,M,13302099
2021-11-01,N,138189184
2021-11-01,P,206685
2021-11-01,Q,4891295
2021-11-01,R,680259
2021-11-01,S,10652114
2021-11-01,Z,-99
2021-12-01,A,26052412
2021-12-01,B,303451744
2021-12-01,C,3457279232
2021-12-01,D,65839128
2021-12-01,E,1222610
2021-12-01,F,25049226
2021-12-01,G,1792970240
2021-12-01,H,62289440
2021-12-01,I,2303977
2021-12-01,J,107520080
2021-12-01,K,2743268
2021-12-01,L,1983035
2021-12-01,M,12638684
2021-12-01,N,195084800
2021-12-01,P,274472
2021-12-01,Q,5388297
2021-12-01,R,657702
2021-12-01,S,10856406
2021-12-01,Z,-99
2022-01-01,A,22110424
2022-01-01,B,186496480
2022-01-01,C,2931337984
2022-01-01,D,192633072
2022-01-01,E,621709
2022-01-01,F,16247294
2022-01-01,G,1563303168
2022-01-01,H,76884624
2022-01-01,I,1543977
2022-01-01,J,89998168
2022-01-01,K,1019051
2022-01-01,L,1576715
2022-01-01,M,10898688
2022-01-01,N,268876096
2022-01-01,P,-99
2022-01-01,Q,6120766
2022-01-01,R,1504723
2022-01-01,S,12793274
2022-01-01,Z,-99
2022-02-01,A,31020744
2022-02-01,B,499290496
2022-02-01,C,2988161280
2022-02-01,D,185564240
2022-02-01,E,388995
2022-02-01,F,19795028
2022-02-01,G,1377574656
2022-02-01,H,34260920
2022-02-01,I,2253854
2022-02-01,J,60213240
2022-02-01,K,715239
2022-02-01,L,2897917
2022-02-01,M,8651561
2022-02-01,N,321779968
2022-02-01,P,431881
2022-02-01,Q,7151594
2022-02-01,R,2082772
2022-02-01,S,5893917
2022-02-01,Z,-99
2022-03-01,A,32181152
2022-03-01,B,391887648
2022-03-01,C,3964157952
2022-03-01,D,270249760
2022-03-01,E,1022516
2022-03-01,F,26151500
2022-03-01,G,1733557632
2022-03-01,H,117829912
2022-03-01,I,2998459
2022-03-01,J,76163080
2022-03-01,K,2426063
2022-03-01,L,1711991
2022-03-01,M,12934115
2022-03-01,N,416911200
2022-03-01,P,319320
2022-03-01,Q,6036846
2022-03-01,R,2904495
2022-03-01,S,8780543
2022-03-01,Z,-99
2022-04-01,A,50810040
2022-04-01,B,331368800
2022-04-01,C,4105441280
2022-04-01,D,436148992
2022-04-01,E,1352635
2022-04-01,F,19641120
2022-04-01,G,1583017344
2022-04-01,H,111993920
2022-04-01,I,2755820
2022-04-01,J,63697768
2022-04-01,K,1781131
2022-04-01,L,2424613
2022-04-01,M,17049756
2022-04-01,N,326979296
2022-04-01,P,47927
2022-04-01,Q,6647396
2022-04-01,R,1604764
2022-04-01,S,6951496
2022-05-01,A,25275688
2022-05-01,B,321981152
2022-05-01,C,4331294720
2022-05-01,D,1062694208
2022-05-01,E,747315
2022-05-01,F,23816348
2022-05-01,G,1636202624
2022-05-01,H,148998224
2022-05-01,I,4759293
2022-05-01,J,58821528
2022-05-01,K,358796
2022-05-01,L,3991487
2022-05-01,M,15052995
2022-05-01,N,1180404736
2022-05-01,P,46253
2022-05-01,Q,6745538
2022-05-01,R,21542172
2022-05-01,S,6904577
2022-05-01,Z,-99
2022-06-01,A,25801856
2022-06-01,B,415365568
2022-06-01,C,4345019904
2022-06-01,D,1094356864
2022-06-01,E,799290
2022-06-01,F,23548218
2022-06-01,G,1756296192
2022-06-01,H,229814784
2022-06-01,I,4683395
2022-06-01,J,69967360
2022-06-01,K,6137843
2022-06-01,L,2925064
2022-06-01,M,12199177
2022-06-01,N,612637504
2022-06-01,P,150586
2022-06-01,Q,6113827
2022-06-01,R,1273791
2022-06-01,S,13166631
2022-06-01,Z,-99
2022-07-01,A,27753908
2022-07-01,B,522323904
2022-07-01,C,4013477632
2022-07-01,D,1311569792
2022-07-01,E,1641710
2022-07-01,F,23391972
2022-07-01,G,1599561600
2022-07-01,H,285833504
2022-07-01,I,2511159
2022-07-01,J,65420048
2022-07-01,K,1072149
2022-07-01,L,2712638
2022-07-01,M,12348833
2022-07-01,N,1627319424
2022-07-01,P,-99
2022-07-01,Q,7200367
2022-07-01,R,3628367
2022-07-01,S,7571093
2022-07-01,Z,589772
2022-08-01,A,35229772
2022-08-01,B,449186016
2022-08-01,C,4236857088
2022-08-01,D,730132352
2022-08-01,E,685526
2022-08-01,F,28816964
2022-08-01,G,1757468800
2022-08-01,H,135948960
2022-08-01,I,3547784
2022-08-01,J,72172328
2022-08-01,K,14589992
2022-08-01,L,2221726
2022-08-01,M,11139078
2022-08-01,N,809824640
2022-08-01,P,147337
2022-08-01,Q,9888089
2022-08-01,R,62222020
2022-08-01,S,14466956
2022-08-01,Z,151283
2022-09-01,A,30206634
2022-09-01,B,265106560
2022-09-01,C,4209976832
2022-09-01,D,299809824
2022-09-01,E,951452
2022-09-01,F,34380768
2022-09-01,G,1639825536
2022-09-01,H,155314208
2022-09-01,I,3076608
2022-09-01,J,87960768
2022-09-01,K,1946312
2022-09-01,L,2440377
2022-09-01,M,15958865
2022-09-01,N,602268032
2022-09-01,P,127976
2022-09-01,Q,8300378
2022-09-01,R,19344444
2022-09-01,S,10979755
2022-09-01,Z,-99
2022-10-01,A,29801868
2022-10-01,B,260956720
2022-10-01,C,3827589632
2022-10-01,D,223167504
2022-10-01,E,651748
2022-10-01,F,39049420
2022-10-01,G,1437799296
2022-10-01,H,214159600
2022-10-01,I,3268551
2022-10-01,J,61110768
2022-10-01,K,2007008
2022-10-01,L,1877685
2022-10-01,M,12987515
2022-10-01,N,16568164
2022-10-01,P,-99
2022-10-01,Q,7835843
2022-10-01,R,2051711
2022-10-01,S,9320525
2022-10-01,Z,301964
2022-11-01,A,41022864
2022-11-01,B,332609184
2022-11-01,C,3521195776
2022-11-01,D,92002824
2022-11-01,E,802873
2022-11-01,F,44506960
2022-11-01,G,1445662080
2022-11-01,H,119937480
2022-11-01,I,2664369
2022-11-01,J,97359280
2022-11-01,K,996915
2022-11-01,L,2053670
2022-11-01,M,11520922
2022-11-01,N,822330304
2022-11-01,P,124345
2022-11-01,Q,7695545
2022-11-01,R,1203073
2022-11-01,S,7729620
2022-11-01,Z,1352594
2022-12-01,A,27625522
2022-12-01,B,330803616
2022-12-01,C,2995825920
2022-12-01,D,66207768
2022-12-01,E,865370
2022-12-01,F,33132748
2022-12-01,G,1442692864
2022-12-01,H,30245392
2022-12-01,I,4832247
2022-12-01,J,65539452
2022-12-01,K,630226
2022-12-01,L,3092273
2022-12-01,M,9874282
2022-12-01,N,715377536
2022-12-01,P,227006
2022-12-01,Q,8931731
2022-12-01,R,1765853
2022-12-01,S,9426182
2023-01-01,A,24949732
2023-01-01,B,279227264
2023-01-01,C,3153056768
2023-01-01,D,69329360
2023-01-01,E,496029
2023-01-01,F,48686368
2023-01-01,G,1331263616
2023-01-01,H,101007528
2023-01-01,I,4349312
2023-01-01,J,51034556
2023-01-01,K,1772134
2023-01-01,L,934968
2023-01-01,M,8172713
2023-01-01,N,799029376
2023-01-01,P,60595
2023-01-01,Q,7540808
2023-01-01,R,1938847
2023-01-01,S,6487867
2023-01-01,Z,-99
2023-02-01,A,19936726
2023-02-01,B,305076640
2023-02-01,C,3134240768
2023-02-01,D,34085208
2023-02-01,E,867835
2023-02-01,F,28645606
2023-02-01,G,1158306176
2023-02-01,H,70215800
2023-02-01,I,2138819
2023-02-01,J,47769176
2023-02-01,K,-99
2023-02-01,L,920652
2023-02-01,M,9772033
2023-02-01,N,839655488
2023-02-01,Q,5579772
2023-02-01,R,1287411
2023-02-01,S,6820064
2023-02-01,Z,-99
2023-03-01,A,22752430
2023-03-01,B,307579680
2023-03-01,C,4429367808
2023-03-01,D,85608968
2023-03-01,E,840574
2023-03-01,F,47435180
2023-03-01,G,1661204736
2023-03-01,H,42798624
2023-03-01,I,2916653
2023-03-01,J,72167760
2023-03-01,K,2216780
2023-03-01,L,1713068
2023-03-01,M,18126092
2023-03-01,N,763252288
2023-03-01,P,78883
2023-03-01,Q,9522511
2023-03-01,R,5243142
2023-03-01,S,7314597
2023-03-01,Z,650868
2023-04-01,A,18193720
2023-04-01,B,262991984
2023-04-01,C,4001643264
2023-04-01,D,55134332
2023-04-01,E,702645
2023-04-01,F,45341436
2023-04-01,G,1284905472
2023-04-01,H,95094816
2023-04-01,I,3357286
2023-04-01,J,62638800
2023-04-01,K,25953
2023-04-01,L,650623
2023-04-01,M,10709308
2023-04-01,N,828320064
2023-04-01,P,349493
2023-04-01,Q,5389628
2023-04-01,R,1396010
2023-04-01,S,5583901
2023-05-01,A,26298354
2023-05-01,B,242833024
2023-05-01,C,4545006592
2023-05-01,D,62015640
2023-05-01,E,791893
2023-05-01,F,35392872
2023-05-01,G,2044169728
2023-05-01,H,150031536
2023-05-01,I,4436367
2023-05-01,J,86138944
2023-05-01,K,962388
2023-05-01,L,1934780
2023-05-01,M,10130616
2023-05-01,N,218390944
2023-05-01,P,67446
2023-05-01,Q,9326609
2023-05-01,R,1499338
2023-05-01,S,22889168
2023-06-01,A,25287524
2023-06-01,B,352533568
2023-06-01,C,4380441600
2023-06-01,D,54131068
2023-06-01,E,1344217
2023-06-01,F,24320376
2023-06-01,G,1929726976
2023-06-01,H,101532224
2023-06-01,I,4866662
2023-06-01,J,91867400
2023-06-01,K,2045312
2023-06-01,L,1334022
2023-06-01,M,22812778
2023-06-01,N,615169280
2023-06-01,P,-99
2023-06-01,Q,9859861
2023-06-01,R,1041134
2023-06-01,S,8608804
2023-06-01,Z,-99
2023-07-01,A,30335940
2023-07-01,B,298658784
2023-07-01,C,3930832128
2023-07-01,D,40413908
2023-07-01,E,4360770
2023-07-01,F,37780264
2023-07-01,G,1975515648
2023-07-01,H,106339728
2023-07-01,I,2901949
2023-07-01,J,68843072
2023-07-01,K,1718073
2023-07-01,L,899464
2023-07-01,M,23439400
2023-07-01,N,105756608
2023-07-01,P,-99
2023-07-01,Q,8705177
2023-07-01,R,2431301
2023-07-01,S,7782334
2023-07-01,Z,-99
2023-08-01,A,24834566
2023-08-01,B,336812672
2023-08-01,C,4107204608
2023-08-01,D,136021536
2023-08-01,E,1345096
2023-08-01,F,30936636
2023-08-01,G,1813260672
2023-08-01,H,36002988
2023-08-01,I,3916806
2023-08-01,J,99704168
2023-08-01,K,1726540
2023-08-01,L,2827591
2023-08-01,M,13264797
2023-08-01,N,253078352
2023-08-01,P,335757
2023-08-01,Q,8229420
2023-08-01,R,3972125
2023-08-01,S,9218199
2023-08-01,Z,328412
2023-09-01,A,32088166
2023-09-01,B,508135360
2023-09-01,C,4087566336
2023-09-01,D,69754712
2023-09-01,E,2001948
2023-09-01,F,29548814
2023-09-01,G,1404564992
2023-09-01,H,262423936
2023-09-01,I,2919411
2023-09-01,J,78033640
2023-09-01,K,4231512
2023-09-01,L,2162629
2023-09-01,M,31928020
2023-09-01,N,160836656
2023-09-01,P,-99
2023-09-01,Q,7806034
2023-09-01,R,3458204
2023-09-01,S,11510523
2023-09-01,Z,49438
2023-10-01,A,34308980
2023-10-01,B,598118976
2023-10-01,C,3427146240
2023-10-01,D,117158152
2023-10-01,E,1304426
2023-10-01,F,24590220
2023-10-01,G,1375158016
2023-10-01,H,298246688
2023-10-01,I,4786401
2023-10-01,J,53373316
2023-10-01,K,261820
2023-10-01,L,1781056
2023-10-01,M,19070544
2023-10-01,N,162828928
2023-10-01,P,128460
2023-10-01,Q,9150534
2023-10-01,R,3068443
2023-10-01,S,4835553
2023-10-01,Z,161324
2023-11-01,A,35730224
2023-11-01,B,426575008
2023-11-01,C,3348034304
2023-11-01,D,158313872
2023-11-01,E,2793971
2023-11-01,F,21249772
2023-11-01,G,1245852416
2023-11-01,H,45996348
2023-11-01,I,2234275
2023-11-01,J,56641780
2023-11-01,K,1785483
2023-11-01,L,1464225
2023-11-01,M,17496436
2023-11-01,N,18455684
2023-11-01,P,78578
2023-11-01,Q,9189433
2023-11-01,R,11339066
2023-11-01,S,7452762
2023-11-01,Z,-99
