fecha,letra,total_fob
2007-01-01,A,108205424
2007-01-01,B,377633536
2007-01-01,C,2251349248
2007-01-01,D,6079237
2007-01-01,E,1773845
2007-01-01,F,18581408
2007-01-01,G,327659264
2007-01-01,H,22909572
2007-01-01,I,46861
2007-01-01,J,9805604
2007-01-01,K,-99
2007-01-01,L,7352132
2007-01-01,M,4674909
2007-01-01,N,10309117
2007-01-01,P,-99
2007-01-01,Q,597748
2007-01-01,R,181346
2007-01-01,S,1397425
2007-01-01,Z,596685
2007-02-01,A,135181472
2007-02-01,B,396557600
2007-02-01,C,2456186368
2007-02-01,D,10005759
2007-02-01,E,1354943
2007-02-01,F,2008565
2007-02-01,G,311829056
2007-02-01,H,26382868
2007-02-01,I,93100
2007-02-01,J,4708801
2007-02-01,K,-99
2007-02-01,L,6819536
2007-02-01,M,3156133
2007-02-01,N,8413187
2007-02-01,P,7601
2007-02-01,Q,473967
2007-02-01,R,95290
2007-02-01,S,1515337
2007-02-01,Z,766192
2007-03-01,A,145434736
2007-03-01,B,421105888
2007-03-01,C,2862636544
2007-03-01,D,9532957
2007-03-01,E,1137758
2007-03-01,F,2998961
2007-03-01,G,412187456
2007-03-01,H,29074306
2007-03-01,I,289284
2007-03-01,J,6529625
2007-03-01,K,-99
2007-03-01,L,7574507
2007-03-01,M,3841930
2007-03-01,N,12845740
2007-03-01,P,-99
2007-03-01,Q,640532
2007-03-01,R,137181
2007-03-01,S,2780165
2007-03-01,Z,1178663
2007-04-01,A,159733808
2007-04-01,B,295854304
2007-04-01,C,2955155968
2007-04-01,D,6647033
2007-04-01,E,1516758
2007-04-01,F,14978514
2007-04-01,G,528165728
2007-04-01,H,32020796
2007-04-01,I,255294
2007-04-01,J,5505164
2007-04-01,K,272397
2007-04-01,L,12287360
2007-04-01,M,5827397
2007-04-01,N,10463723
2007-04-01,P,27448
2007-04-01,Q,297477
2007-04-01,R,158602
2007-04-01,S,2727148
2007-04-01,Z,1231220
2007-05-01,A,144336304
2007-05-01,B,365485184
2007-05-01,C,3402193920
2007-05-01,D,6400006
2007-05-01,E,1285935
2007-05-01,F,3263021
2007-05-01,G,595448384
2007-05-01,H,27766128
2007-05-01,I,198274
2007-05-01,J,7571681
2007-05-01,K,471524
2007-05-01,L,9315336
2007-05-01,M,4855467
2007-05-01,N,13854135
2007-05-01,P,66803
2007-05-01,Q,453884
2007-05-01,R,118271
2007-05-01,S,2900035
2007-05-01,Z,1446736
2007-06-01,A,122509072
2007-06-01,B,457621280
2007-06-01,C,3225038592
2007-06-01,D,4037822
2007-06-01,E,1428589
2007-06-01,F,2281174
2007-06-01,G,472460032
2007-06-01,H,32932384
2007-06-01,I,120079
2007-06-01,J,5124892
2007-06-01,K,282113
2007-06-01,L,9230695
2007-06-01,M,4601815
2007-06-01,N,8569347
2007-06-01,P,21764
2007-06-01,Q,471619
2007-06-01,R,313873
2007-06-01,S,2654787
2007-06-01,Z,899816
2007-07-01,A,127698688
2007-07-01,B,424616736
2007-07-01,C,3379782656
2007-07-01,D,-99
2007-07-01,E,1233006
2007-07-01,F,2301946
2007-07-01,G,491616288
2007-07-01,H,11681538
2007-07-01,I,172391
2007-07-01,J,6384336
2007-07-01,K,787351
2007-07-01,L,12056138
2007-07-01,M,7387676
2007-07-01,N,7958315
2007-07-01,P,205631
2007-07-01,Q,245864
2007-07-01,R,287822
2007-07-01,S,1711056
2007-07-01,Z,1272117
2007-08-01,A,124860800
2007-08-01,B,392243136
2007-08-01,C,3599866112
2007-08-01,D,1119729
2007-08-01,E,1656679
2007-08-01,F,2505299
2007-08-01,G,538365120
2007-08-01,H,17752240
2007-08-01,I,262520
2007-08-01,J,8650497
2007-08-01,K,482365
2007-08-01,L,13749951
2007-08-01,M,4191154
2007-08-01,N,7216363
2007-08-01,P,26195
2007-08-01,Q,194253
2007-08-01,R,684409
2007-08-01,S,2479677
2007-08-01,Z,1947473
2007-09-01,A,109332328
2007-09-01,B,316102464
2007-09-01,C,3492568576
2007-09-01,D,776703
2007-09-01,E,1387132
2007-09-01,F,2827244
2007-09-01,G,627084736
2007-09-01,H,21111100
2007-09-01,I,203547
2007-09-01,J,8736216
2007-09-01,K,509070
2007-09-01,L,11151821
2007-09-01,M,6092049
2007-09-01,N,23992692
2007-09-01,P,57408
2007-09-01,Q,253828
2007-09-01,R,158535
2007-09-01,S,1467552
2007-09-01,Z,1621404
2007-10-01,A,97055944
2007-10-01,B,629172800
2007-10-01,C,3930877696
2007-10-01,D,4229726
2007-10-01,E,1510279
2007-10-01,F,5576707
2007-10-01,G,587394560
2007-10-01,H,36130324
2007-10-01,I,145540
2007-10-01,J,7862858
2007-10-01,K,-99
2007-10-01,L,12117917
2007-10-01,M,6757622
2007-10-01,N,17295422
2007-10-01,P,107763
2007-10-01,Q,518077
2007-10-01,R,133271
2007-10-01,S,2263318
2007-10-01,Z,2301438
2007-11-01,A,101054808
2007-11-01,B,397700800
2007-11-01,C,3897703680
2007-11-01,D,7400912
2007-11-01,E,1635725
2007-11-01,F,22361520
2007-11-01,G,603794048
2007-11-01,H,50532080
2007-11-01,I,150471
2007-11-01,J,7462766
2007-11-01,K,663726
2007-11-01,L,12696439
2007-11-01,M,4522111
2007-11-01,N,13576843
2007-11-01,P,84062
2007-11-01,Q,473809
2007-11-01,R,110571
2007-11-01,S,1981771
2007-11-01,Z,2466984
2007-12-01,A,89420872
2007-12-01,B,490948832
2007-12-01,C,4057182208
2007-12-01,D,4857120
2007-12-01,E,1949989
2007-12-01,F,3498147
2007-12-01,G,583192256
2007-12-01,H,171497280
2007-12-01,I,185163
2007-12-01,J,9714757
2007-12-01,K,-99
2007-12-01,L,12748900
2007-12-01,M,8307094
2007-12-01,N,9317521
2007-12-01,P,-99
2007-12-01,Q,436979
2007-12-01,R,1535807
2007-12-01,S,1705381
2007-12-01,Z,1229546
2008-01-01,A,104720592
2008-01-01,B,420892000
2008-01-01,C,4042442496
2008-01-01,D,5504957
2008-01-01,E,1701307
2008-01-01,F,3464312
2008-01-01,G,678094720
2008-01-01,H,118283208
2008-01-01,I,81788
2008-01-01,J,9475848
2008-01-01,K,859746
2008-01-01,L,8888343
2008-01-01,M,8028577
2008-01-01,N,8284312
2008-01-01,P,27746
2008-01-01,Q,162172
2008-01-01,R,156687
2008-01-01,S,1392169
2008-01-01,Z,1773640
2008-02-01,A,140161504
2008-02-01,B,434333600
2008-02-01,C,3428228352
2008-02-01,D,16440563
2008-02-01,E,2130738
2008-02-01,F,2832148
2008-02-01,G,657851776
2008-02-01,H,119876112
2008-02-01,I,205566
2008-02-01,J,8903579
2008-02-01,K,572891
2008-02-01,L,9051851
2008-02-01,M,5009684
2008-02-01,N,11654985
2008-02-01,P,52562
2008-02-01,Q,109105
2008-02-01,R,402261
2008-02-01,S,1976838
2008-02-01,Z,1012422
2008-03-01,A,140791648
2008-03-01,B,528467520
2008-03-01,C,3294046464
2008-03-01,D,25460836
2008-03-01,E,1990547
2008-03-01,F,7974658
2008-03-01,G,481471776
2008-03-01,H,136869664
2008-03-01,I,243903
2008-03-01,J,6447008
2008-03-01,K,900978
2008-03-01,L,9025896
2008-03-01,M,3823411
2008-03-01,N,13185705
2008-03-01,P,-99
2008-03-01,Q,319058
2008-03-01,R,169438
2008-03-01,S,1680929
2008-03-01,Z,910924
2008-04-01,A,195509088
2008-04-01,B,603110720
2008-04-01,C,3892277504
2008-04-01,D,11829868
2008-04-01,E,2332427
2008-04-01,F,3357236
2008-04-01,G,733242880
2008-04-01,H,71420752
2008-04-01,I,159133
2008-04-01,J,8627176
2008-04-01,K,-99
2008-04-01,L,7024061
2008-04-01,M,5763095
2008-04-01,N,23804200
2008-04-01,P,15593
2008-04-01,Q,525736
2008-04-01,R,97990
2008-04-01,S,2496673
2008-04-01,Z,1012238
2008-05-01,A,201337088
2008-05-01,B,305077088
2008-05-01,C,4556421120
2008-05-01,D,6397069
2008-05-01,E,2127011
2008-05-01,F,4725909
2008-05-01,G,839853120
2008-05-01,H,37353584
2008-05-01,I,150332
2008-05-01,J,12232347
2008-05-01,K,398901
2008-05-01,L,11306895
2008-05-01,M,5713137
2008-05-01,N,8651786
2008-05-01,P,-99
2008-05-01,Q,274362
2008-05-01,R,106562
2008-05-01,S,2075394
2008-05-01,Z,1168228
2008-06-01,A,178426992
2008-06-01,B,311538048
2008-06-01,C,3811744768
2008-06-01,D,1700612
2008-06-01,E,1781334
2008-06-01,F,3351140
2008-06-01,G,607389504
2008-06-01,H,25772900
2008-06-01,I,99814
2008-06-01,J,6927260
2008-06-01,K,371913
2008-06-01,L,6866552
2008-06-01,M,4883348
2008-06-01,N,10175262
2008-06-01,P,169470
2008-06-01,Q,330946
2008-06-01,R,798375
2008-06-01,S,1838677
2008-06-01,Z,1373596
2008-07-01,A,200029056
2008-07-01,B,393740160
2008-07-01,C,4975563264
2008-07-01,D,2786030
2008-07-01,E,1850226
2008-07-01,F,4161721
2008-07-01,G,1155843328
2008-07-01,H,28656564
2008-07-01,I,246105
2008-07-01,J,7522077
2008-07-01,K,351819
2008-07-01,L,14993314
2008-07-01,M,6284344
2008-07-01,N,8091745
2008-07-01,P,131368
2008-07-01,Q,771529
2008-07-01,R,441897
2008-07-01,S,2367270
2008-07-01,Z,2661466
2008-08-01,A,182839984
2008-08-01,B,498308704
2008-08-01,C,5372851712
2008-08-01,D,3958800
2008-08-01,E,2887778
2008-08-01,F,3812844
2008-08-01,G,849277248
2008-08-01,H,51455268
2008-08-01,I,403537
2008-08-01,J,6745594
2008-08-01,K,-99
2008-08-01,L,11378270
2008-08-01,M,7992334
2008-08-01,N,21067408
2008-08-01,P,463132
2008-08-01,Q,438041
2008-08-01,R,312679
2008-08-01,S,2294386
2008-08-01,Z,1836803
2008-09-01,A,148427904
2008-09-01,B,433758848
2008-09-01,C,5273166336
2008-09-01,D,2627056
2008-09-01,E,2447213
2008-09-01,F,6134399
2008-09-01,G,691380864
2008-09-01,H,51705812
2008-09-01,I,244976
2008-09-01,J,8319297
2008-09-01,K,511782
2008-09-01,L,11299620
2008-09-01,M,5621433
2008-09-01,N,17357912
2008-09-01,P,44262
2008-09-01,Q,181560
2008-09-01,R,214280
2008-09-01,S,2055419
2008-09-01,Z,1087243
2008-10-01,A,127156800
2008-10-01,B,439705440
2008-10-01,C,4552838656
2008-10-01,D,7156602
2008-10-01,E,2402986
2008-10-01,F,11629336
2008-10-01,G,672203072
2008-10-01,H,35435424
2008-10-01,I,177608
2008-10-01,J,7082893
2008-10-01,K,-99
2008-10-01,L,8890459
2008-10-01,M,5182873
2008-10-01,N,5511968
2008-10-01,P,-99
2008-10-01,Q,564603
2008-10-01,R,130575
2008-10-01,S,1814244
2008-10-01,Z,1125494
2008-11-01,A,108966960
2008-11-01,B,363404992
2008-11-01,C,3815676928
2008-11-01,D,18744076
2008-11-01,E,1806652
2008-11-01,F,15013474
2008-11-01,G,311184640
2008-11-01,H,43631440
2008-11-01,I,92599
2008-11-01,J,7179352
2008-11-01,K,718898
2008-11-01,L,8958279
2008-11-01,M,9225281
2008-11-01,N,5824318
2008-11-01,P,-99
2008-11-01,Q,503074
2008-11-01,R,1481908
2008-11-01,S,1840795
2008-11-01,Z,1785534
2008-12-01,A,102323208
2008-12-01,B,340905568
2008-12-01,C,2985649920
2008-12-01,D,16072667
2008-12-01,E,857584
2008-12-01,F,5770871
2008-12-01,G,403871296
2008-12-01,H,51849644
2008-12-01,I,213788
2008-12-01,J,10466439
2008-12-01,K,-99
2008-12-01,L,6502584
2008-12-01,M,10337716
2008-12-01,N,5868933
2008-12-01,P,-99
2008-12-01,Q,91771
2008-12-01,R,224233
2008-12-01,S,2744627
2008-12-01,Z,918915
2009-01-01,A,85981608
2009-01-01,B,322736768
2009-01-01,C,2574526720
2009-01-01,D,12797859
2009-01-01,E,1123476
2009-01-01,F,10472730
2009-01-01,G,340334464
2009-01-01,H,117219792
2009-01-01,I,176519
2009-01-01,J,5652610
2009-01-01,K,-99
2009-01-01,L,3399725
2009-01-01,M,3104357
2009-01-01,N,3299060
2009-01-01,P,65827
2009-01-01,Q,453970
2009-01-01,R,268612
2009-01-01,S,847834
2009-01-01,Z,1246168
2009-02-01,A,138626848
2009-02-01,B,354194976
2009-02-01,C,2728414720
2009-02-01,D,15219053
2009-02-01,E,1410992
2009-02-01,F,3692397
2009-02-01,G,380399744
2009-02-01,H,102640944
2009-02-01,I,91334
2009-02-01,J,8250354
2009-02-01,K,-99
2009-02-01,L,3236448
2009-02-01,M,5167912
2009-02-01,N,4725612
2009-02-01,P,24825
2009-02-01,Q,290068
2009-02-01,R,393938
2009-02-01,S,1884930
2009-02-01,Z,1077332
2009-03-01,A,156046704
2009-03-01,B,370802048
2009-03-01,C,3011468288
2009-03-01,D,29865716
2009-03-01,E,1130538
2009-03-01,F,3397330
2009-03-01,G,367755168
2009-03-01,H,26434244
2009-03-01,I,83844
2009-03-01,J,7275460
2009-03-01,K,455568
2009-03-01,L,4592429
2009-03-01,M,6901856
2009-03-01,N,6140311
2009-03-01,P,-99
2009-03-01,Q,376660
2009-03-01,R,99648
2009-03-01,S,1552326
2009-03-01,Z,432741
2009-04-01,A,145305488
2009-04-01,B,539531072
2009-04-01,C,3386899456
2009-04-01,D,53279552
2009-04-01,E,1318523
2009-04-01,F,6287486
2009-04-01,G,595522624
2009-04-01,H,25807928
2009-04-01,I,85076
2009-04-01,J,6326017
2009-04-01,K,646248
2009-04-01,L,2992634
2009-04-01,M,13049637
2009-04-01,N,6789616
2009-04-01,P,-99
2009-04-01,Q,288223
2009-04-01,R,125813
2009-04-01,S,2387399
2009-04-01,Z,1047548
2009-05-01,A,156719200
2009-05-01,B,446790368
2009-05-01,C,3590014208
2009-05-01,D,11968732
2009-05-01,E,1708851
2009-05-01,F,5757165
2009-05-01,G,641074176
2009-05-01,H,77378296
2009-05-01,I,84898
2009-05-01,J,8241707
2009-05-01,K,422745
2009-05-01,L,3766698
2009-05-01,M,5866773
2009-05-01,N,7582407
2009-05-01,P,-99
2009-05-01,Q,583353
2009-05-01,R,97022
2009-05-01,S,1727254
2009-05-01,Z,1352954
2009-06-01,A,119158560
2009-06-01,B,480854784
2009-06-01,C,3791944448
2009-06-01,D,7787707
2009-06-01,E,1377247
2009-06-01,F,9261116
2009-06-01,G,419651296
2009-06-01,H,59350992
2009-06-01,I,189631
2009-06-01,J,4996073
2009-06-01,K,587201
2009-06-01,L,7737112
2009-06-01,M,7577691
2009-06-01,N,6344265
2009-06-01,P,38928
2009-06-01,Q,238095
2009-06-01,R,102814
2009-06-01,S,3018070
2009-06-01,Z,5059014
2009-07-01,A,121614264
2009-07-01,B,430917856
2009-07-01,C,3624692736
2009-07-01,D,4555384
2009-07-01,E,1060387
2009-07-01,F,5956534
2009-07-01,G,464540160
2009-07-01,H,22008712
2009-07-01,I,126061
2009-07-01,J,9390026
2009-07-01,K,327101
2009-07-01,L,5517569
2009-07-01,M,6174803
2009-07-01,N,6717440
2009-07-01,P,26181
2009-07-01,Q,559679
2009-07-01,R,234094
2009-07-01,S,1601016
2009-07-01,Z,679032
2009-08-01,A,126020512
2009-08-01,B,312846336
2009-08-01,C,3216322560
2009-08-01,D,4357304
2009-08-01,E,1184393
2009-08-01,F,8124421
2009-08-01,G,474346784
2009-08-01,H,25868506
2009-08-01,I,29194
2009-08-01,J,6667454
2009-08-01,K,408611
2009-08-01,L,7514333
2009-08-01,M,5974555
2009-08-01,N,3986015
2009-08-01,P,68545
2009-08-01,Q,490074
2009-08-01,R,1436738
2009-08-01,S,1901096
2009-08-01,Z,869209
2009-09-01,A,141523232
2009-09-01,B,493371392
2009-09-01,C,3332824064
2009-09-01,D,10642210
2009-09-01,E,1355560
2009-09-01,F,8953188
2009-09-01,G,328637952
2009-09-01,H,18883708
2009-09-01,I,54068
2009-09-01,J,4295773
2009-09-01,K,-99
2009-09-01,L,15539102
2009-09-01,M,4712877
2009-09-01,N,9984263
2009-09-01,P,61414
2009-09-01,Q,326777
2009-09-01,R,151559
2009-09-01,S,1214480
2009-09-01,Z,1773987
2009-10-01,A,117655392
2009-10-01,B,619536768
2009-10-01,C,3415205632
2009-10-01,D,8965685
2009-10-01,E,1231006
2009-10-01,F,5952420
2009-10-01,G,310622496
2009-10-01,H,49990472
2009-10-01,I,95461
2009-10-01,J,6806576
2009-10-01,K,375648
2009-10-01,L,13687567
2009-10-01,M,13475630
2009-10-01,N,22057284
2009-10-01,P,-99
2009-10-01,Q,719789
2009-10-01,R,1988470
2009-10-01,S,2295005
2009-10-01,Z,5186108
2009-11-01,A,116171368
2009-11-01,B,391640416
2009-11-01,C,3581194240
2009-11-01,D,4172454
2009-11-01,E,1101620
2009-11-01,F,4438224
2009-11-01,G,368224064
2009-11-01,H,26690984
2009-11-01,I,64071
2009-11-01,J,7593240
2009-11-01,K,-99
2009-11-01,L,17368318
2009-11-01,M,5402341
2009-11-01,N,13536080
2009-11-01,P,57796
2009-11-01,Q,1838969
2009-11-01,R,215045
2009-11-01,S,1735669
2009-11-01,Z,3746940
2009-12-01,A,106982152
2009-12-01,B,583622784
2009-12-01,C,3339317504
2009-12-01,D,3123136
2009-12-01,E,1037178
2009-12-01,F,5828443
2009-12-01,G,376642880
2009-12-01,H,55470636
2009-12-01,I,24691
2009-12-01,J,6203731
2009-12-01,K,-99
2009-12-01,L,13856994
2009-12-01,M,6675773
2009-12-01,N,7239510
2009-12-01,P,11114
2009-12-01,Q,397567
2009-12-01,R,142785
2009-12-01,S,2140972
2009-12-01,Z,3770564
2010-01-01,A,104692784
2010-01-01,B,610591744
2010-01-01,C,2996815616
2010-01-01,D,2655614
2010-01-01,E,1096064
2010-01-01,F,3082371
2010-01-01,G,399031424
2010-01-01,H,53943424
2010-01-01,I,37598
2010-01-01,J,5124163
2010-01-01,K,-99
2010-01-01,L,10765252
2010-01-01,M,3921074
2010-01-01,N,9372155
2010-01-01,P,-99
2010-01-01,Q,449064
2010-01-01,R,27515
2010-01-01,S,1963983
2010-01-01,Z,2457662
2010-02-01,A,111682504
2010-02-01,B,412741536
2010-02-01,C,2714164224
2010-02-01,D,3126830
2010-02-01,E,724039
2010-02-01,F,6488961
2010-02-01,G,353075200
2010-02-01,H,80712992
2010-02-01,I,118056
2010-02-01,J,5940252
2010-02-01,K,-99
2010-02-01,L,5966815
2010-02-01,M,4499233
2010-02-01,N,8323069
2010-02-01,P,-99
2010-02-01,Q,346701
2010-02-01,R,357672
2010-02-01,S,2766300
2010-02-01,Z,3348713
2010-03-01,A,153388256
2010-03-01,B,682968192
2010-03-01,C,2990589952
2010-03-01,D,2974702
2010-03-01,E,450367
2010-03-01,F,5707537
2010-03-01,G,387477440
2010-03-01,H,197813232
2010-03-01,I,151247
2010-03-01,J,5851309
2010-03-01,K,852886
2010-03-01,L,5463203
2010-03-01,M,5936713
2010-03-01,N,18120972
2010-03-01,P,45619
2010-03-01,Q,805631
2010-03-01,R,407033
2010-03-01,S,2295570
2010-03-01,Z,4202367
2010-04-01,A,126910264
2010-04-01,B,559078208
2010-04-01,C,4303288320
2010-04-01,D,7515777
2010-04-01,E,1074559
2010-04-01,F,3749104
2010-04-01,G,788245888
2010-04-01,H,120782488
2010-04-01,I,111738
2010-04-01,J,4055483
2010-04-01,K,-99
2010-04-01,L,6084748
2010-04-01,M,5442047
2010-04-01,N,15084066
2010-04-01,P,-99
2010-04-01,Q,316287
2010-04-01,R,185906
2010-04-01,S,2296041
2010-04-01,Z,10783866
2010-05-01,A,149774256
2010-05-01,B,636435136
2010-05-01,C,4422616576
2010-05-01,D,6949269
2010-05-01,E,673671
2010-05-01,F,6936771
2010-05-01,G,938177280
2010-05-01,H,64568836
2010-05-01,I,84142
2010-05-01,J,4135904
2010-05-01,K,-99
2010-05-01,L,8837053
2010-05-01,M,6786853
2010-05-01,N,25173070
2010-05-01,P,222677
2010-05-01,Q,638322
2010-05-01,R,8294027
2010-05-01,S,2568189
2010-05-01,Z,16040039
2010-06-01,A,180041968
2010-06-01,B,498220512
2010-06-01,C,4258799872
2010-06-01,D,-99
2010-06-01,E,884307
2010-06-01,F,3996603
2010-06-01,G,1098095488
2010-06-01,H,28763234
2010-06-01,I,309029
2010-06-01,J,6402330
2010-06-01,K,-99
2010-06-01,L,5438247
2010-06-01,M,6600188
2010-06-01,N,16793424
2010-06-01,P,17758
2010-06-01,Q,549018
2010-06-01,R,905517
2010-06-01,S,1830796
2010-06-01,Z,4905895
2010-07-01,A,145959936
2010-07-01,B,475079488
2010-07-01,C,4249342208
2010-07-01,D,-99
2010-07-01,E,645086
2010-07-01,F,5044326
2010-07-01,G,885500352
2010-07-01,H,22411252
2010-07-01,I,166895
2010-07-01,J,5863975
2010-07-01,K,1043278
2010-07-01,L,3091722
2010-07-01,M,5962196
2010-07-01,N,11837654
2010-07-01,P,74786
2010-07-01,Q,609060
2010-07-01,R,298716
2010-07-01,S,1238275
2010-07-01,Z,9840745
2010-08-01,A,174330384
2010-08-01,B,524078208
2010-08-01,C,4415184384
2010-08-01,D,11475214
2010-08-01,E,205683
2010-08-01,F,8818926
2010-08-01,G,983387840
2010-08-01,H,12238712
2010-08-01,I,140098
2010-08-01,J,4977752
2010-08-01,K,1953390
2010-08-01,L,4301259
2010-08-01,M,8187152
2010-08-01,N,17133860
2010-08-01,P,-99
2010-08-01,Q,626194
2010-08-01,R,108554
2010-08-01,S,1684385
2010-08-01,Z,2235258
2010-09-01,A,165837648
2010-09-01,B,696462016
2010-09-01,C,4427046912
2010-09-01,D,867457
2010-09-01,E,1099515
2010-09-01,F,13994779
2010-09-01,G,698036032
2010-09-01,H,172997904
2010-09-01,I,278935
2010-09-01,J,5495888
2010-09-01,K,-99
2010-09-01,L,3095333
2010-09-01,M,6618349
2010-09-01,N,17760818
2010-09-01,P,56174
2010-09-01,Q,508912
2010-09-01,R,294868
2010-09-01,S,1665757
2010-09-01,Z,1215188
2010-10-01,A,160077872
2010-10-01,B,632168192
2010-10-01,C,4193063936
2010-10-01,D,2601954
2010-10-01,E,836230
2010-10-01,F,8412189
2010-10-01,G,634121088
2010-10-01,H,165325840
2010-10-01,I,185978
2010-10-01,J,4388907
2010-10-01,K,-99
2010-10-01,L,3556156
2010-10-01,M,6300010
2010-10-01,N,6327420
2010-10-01,P,64245
2010-10-01,Q,395890
2010-10-01,R,1569536
2010-10-01,S,1338983
2010-10-01,Z,702376
2010-11-01,A,158754928
2010-11-01,B,838454656
2010-11-01,C,4074394368
2010-11-01,D,16800308
2010-11-01,E,868140
2010-11-01,F,12192425
2010-11-01,G,476658528
2010-11-01,H,17564048
2010-11-01,I,118336
2010-11-01,J,5364386
2010-11-01,K,-99
2010-11-01,L,5265954
2010-11-01,M,4497627
2010-11-01,N,9050619
2010-11-01,P,695651
2010-11-01,Q,381216
2010-11-01,R,110757
2010-11-01,S,1820740
2010-11-01,Z,1006182
2010-12-01,A,138449280
2010-12-01,B,588099648
2010-12-01,C,3832231680
2010-12-01,D,8230197
2010-12-01,E,1188621
2010-12-01,F,12085791
2010-12-01,G,486492544
2010-12-01,H,55241384
2010-12-01,I,83290
2010-12-01,J,6389523
2010-12-01,K,-99
2010-12-01,L,3506518
2010-12-01,M,5983719
2010-12-01,N,6092800
2010-12-01,P,68210
2010-12-01,Q,452833
2010-12-01,R,259372
2010-12-01,S,2407253
2010-12-01,Z,2859922
2011-01-01,A,131661280
2011-01-01,B,477562048
2011-01-01,C,3631138304
2011-01-01,D,4252971
2011-01-01,E,802980
2011-01-01,F,12544761
2011-01-01,G,558535488
2011-01-01,H,43996840
2011-01-01,I,83248
2011-01-01,J,4704692
2011-01-01,K,3565228
2011-01-01,L,3271428
2011-01-01,M,7576899
2011-01-01,N,9850484
2011-01-01,P,-99
2011-01-01,Q,374122
2011-01-01,R,30565
2011-01-01,S,2178397
2011-01-01,Z,3446687
2011-02-01,A,191098592
2011-02-01,B,546123456
2011-02-01,C,3716362496
2011-02-01,D,233588
2011-02-01,E,903657
2011-02-01,F,8218008
2011-02-01,G,571050496
2011-02-01,H,99716192
2011-02-01,I,91108
2011-02-01,J,6428580
2011-02-01,K,-99
2011-02-01,L,4770176
2011-02-01,M,4428335
2011-02-01,N,8685765
2011-02-01,P,-99
2011-02-01,Q,398550
2011-02-01,R,29735
2011-02-01,S,1527388
2011-02-01,Z,2661406
2011-03-01,A,225039600
2011-03-01,B,687084672
2011-03-01,C,3994717696
2011-03-01,D,4259911
2011-03-01,E,680673
2011-03-01,F,12325089
2011-03-01,G,772134016
2011-03-01,H,35408904
2011-03-01,I,88852
2011-03-01,J,5117114
2011-03-01,K,-99
2011-03-01,L,7815584
2011-03-01,M,5274309
2011-03-01,N,8711511
2011-03-01,P,-99
2011-03-01,Q,1290645
2011-03-01,R,139474
2011-03-01,S,2112218
2011-03-01,Z,2282771
2011-04-01,A,163078256
2011-04-01,B,543953216
2011-04-01,C,4940693504
2011-04-01,D,3461214
2011-04-01,E,851990
2011-04-01,F,15780027
2011-04-01,G,931326400
2011-04-01,H,123445888
2011-04-01,I,127034
2011-04-01,J,4245219
2011-04-01,K,-99
2011-04-01,L,9278202
2011-04-01,M,3336605
2011-04-01,N,12285741
2011-04-01,P,53479
2011-04-01,Q,384014
2011-04-01,R,-99
2011-04-01,S,2027788
2011-04-01,Z,3485594
2011-05-01,A,176821744
2011-05-01,B,391816672
2011-05-01,C,5616830464
2011-05-01,D,2982711
2011-05-01,E,283418
2011-05-01,F,9067202
2011-05-01,G,1353176960
2011-05-01,H,38537756
2011-05-01,I,726498
2011-05-01,J,4576292
2011-05-01,K,890586
2011-05-01,L,5880004
2011-05-01,M,6505750
2011-05-01,N,12126276
2011-05-01,P,-99
2011-05-01,Q,300351
2011-05-01,R,113880
2011-05-01,S,1562305
2011-05-01,Z,2984806
2011-06-01,A,126493520
2011-06-01,B,631766208
2011-06-01,C,5490872832
2011-06-01,D,1243525
2011-06-01,E,386924
2011-06-01,F,18426964
2011-06-01,G,1320973568
2011-06-01,H,12363885
2011-06-01,I,301556
2011-06-01,J,5881580
2011-06-01,K,-99
2011-06-01,L,10465932
2011-06-01,M,4461647
2011-06-01,N,13328807
2011-06-01,P,51694
2011-06-01,Q,936660
2011-06-01,R,215149
2011-06-01,S,1181643
2011-06-01,Z,3265967
2011-07-01,A,215558960
2011-07-01,B,672668736
2011-07-01,C,4844170752
2011-07-01,D,-99
2011-07-01,E,294011
2011-07-01,F,13517412
2011-07-01,G,1141120512
2011-07-01,H,21295808
2011-07-01,I,243567
2011-07-01,J,5314792
2011-07-01,K,-99
2011-07-01,L,4234605
2011-07-01,M,10789167
2011-07-01,N,12954121
2011-07-01,P,78478
2011-07-01,Q,479361
2011-07-01,R,49170
2011-07-01,S,1825812
2011-07-01,Z,1403451
2011-08-01,A,226717760
2011-08-01,B,642071872
2011-08-01,C,5490836992
2011-08-01,D,11372162
2011-08-01,E,458276
2011-08-01,F,9671126
2011-08-01,G,1373087616
2011-08-01,H,131544704
2011-08-01,I,195630
2011-08-01,J,4432652
2011-08-01,K,-99
2011-08-01,L,5066528
2011-08-01,M,10598554
2011-08-01,N,23539236
2011-08-01,P,48182
2011-08-01,Q,614201
2011-08-01,R,37864
2011-08-01,S,1027119
2011-08-01,Z,613270
2011-09-01,A,193709344
2011-09-01,B,739882368
2011-09-01,C,5103491072
2011-09-01,D,532436
2011-09-01,E,523701
2011-09-01,F,12130850
2011-09-01,G,1340148608
2011-09-01,H,16660008
2011-09-01,I,101550
2011-09-01,J,5177902
2011-09-01,K,-99
2011-09-01,L,6642025
2011-09-01,M,7150101
2011-09-01,N,33672928
2011-09-01,P,-99
2011-09-01,Q,546083
2011-09-01,R,309187
2011-09-01,S,696103
2011-09-01,Z,1043495
2011-10-01,A,165567168
2011-10-01,B,722601664
2011-10-01,C,5164906496
2011-10-01,D,1836643
2011-10-01,E,335485
2011-10-01,F,6648043
2011-10-01,G,1024531712
2011-10-01,H,46986332
2011-10-01,I,211677
2011-10-01,J,3869687
2011-10-01,K,-99
2011-10-01,L,4132162
2011-10-01,M,8894458
2011-10-01,N,20189984
2011-10-01,P,-99
2011-10-01,Q,1895624
2011-10-01,R,351814
2011-10-01,S,809906
2011-10-01,Z,1326571
2011-11-01,A,171647440
2011-11-01,B,673475776
2011-11-01,C,4392174592
2011-11-01,D,9328450
2011-11-01,E,-99
2011-11-01,F,6207818
2011-11-01,G,854124032
2011-11-01,H,16230506
2011-11-01,I,43262
2011-11-01,J,6111010
2011-11-01,K,-99
2011-11-01,L,3647592
2011-11-01,M,6549406
2011-11-01,N,16616884
2011-11-01,P,115221
2011-11-01,Q,836123
2011-11-01,R,554887
2011-11-01,S,2510463
2011-11-01,Z,1887814
2011-12-01,A,157241664
2011-12-01,B,723642624
2011-12-01,C,4251174656
2011-12-01,D,3838368
2011-12-01,E,-99
2011-12-01,F,5179772
2011-12-01,G,682899712
2011-12-01,H,87708424
2011-12-01,I,83960
2011-12-01,J,5895338
2011-12-01,K,-99
2011-12-01,L,3085246
2011-12-01,M,12572948
2011-12-01,N,22553744
2011-12-01,P,56663
2011-12-01,Q,-99
2011-12-01,R,552353
2011-12-01,S,1747624
2011-12-01,Z,2528787
2012-01-01,A,126010840
2012-01-01,B,608950208
2012-01-01,C,3607973376
2012-01-01,D,3507685
2012-01-01,E,59865
2012-01-01,F,5553371
2012-01-01,G,665855168
2012-01-01,H,48572148
2012-01-01,I,31838
2012-01-01,J,5732026
2012-01-01,K,-99
2012-01-01,L,3198992
2012-01-01,M,4819420
2012-01-01,N,5637009
2012-01-01,P,-99
2012-01-01,Q,604359
2012-01-01,R,63855
2012-01-01,S,1238040
2012-01-01,Z,1535245
2012-02-01,A,166640784
2012-02-01,B,657699840
2012-02-01,C,4037948160
2012-02-01,D,184461
2012-02-01,E,216531
2012-02-01,F,3902328
2012-02-01,G,906213056
2012-02-01,H,34710776
2012-02-01,I,92866
2012-02-01,J,3868376
2012-02-01,K,2505376
2012-02-01,L,5921841
2012-02-01,M,7012862
2012-02-01,N,10515116
2012-02-01,P,-99
2012-02-01,Q,431689
2012-02-01,R,116627
2012-02-01,S,2165352
2012-02-01,Z,2082745
2012-03-01,A,206810736
2012-03-01,B,684330368
2012-03-01,C,4063250688
2012-03-01,D,14784973
2012-03-01,E,197111
2012-03-01,F,2674214
2012-03-01,G,855541504
2012-03-01,H,40623088
2012-03-01,I,243069
2012-03-01,J,7035568
2012-03-01,K,-99
2012-03-01,L,3702143
2012-03-01,M,4248302
2012-03-01,N,6076048
2012-03-01,P,40030
2012-03-01,Q,645703
2012-03-01,R,19189174
2012-03-01,S,766476
2012-03-01,Z,2219106
2012-04-01,A,156645712
2012-04-01,B,727805632
2012-04-01,C,4405338112
2012-04-01,D,878150
2012-04-01,E,277866
2012-04-01,F,2542058
2012-04-01,G,1050933440
2012-04-01,H,34483856
2012-04-01,I,147823
2012-04-01,J,3927371
2012-04-01,K,-99
2012-04-01,L,3042948
2012-04-01,M,6887027
2012-04-01,N,7917494
2012-04-01,P,-99
2012-04-01,Q,397453
2012-04-01,R,131376
2012-04-01,S,2215388
2012-04-01,Z,2060974
2012-05-01,A,189918576
2012-05-01,B,343942304
2012-05-01,C,4919069696
2012-05-01,D,4434874
2012-05-01,E,442170
2012-05-01,F,2507703
2012-05-01,G,1273400448
2012-05-01,H,29834284
2012-05-01,I,211974
2012-05-01,J,3780494
2012-05-01,K,1298603
2012-05-01,L,5776317
2012-05-01,M,4622023
2012-05-01,N,9563765
2012-05-01,P,-99
2012-05-01,Q,413877
2012-05-01,R,56714
2012-05-01,S,1690604
2012-05-01,Z,1815278
2012-06-01,A,169709728
2012-06-01,B,460562144
2012-06-01,C,4645893120
2012-06-01,D,1990208
2012-06-01,E,262628
2012-06-01,F,3595943
2012-06-01,G,1159689600
2012-06-01,H,100590304
2012-06-01,I,80865
2012-06-01,J,4961113
2012-06-01,K,1405548
2012-06-01,L,2520302
2012-06-01,M,16079956
2012-06-01,N,6370026
2012-06-01,P,104269
2012-06-01,Q,339007
2012-06-01,R,24071232
2012-06-01,S,1707649
2012-06-01,Z,915036
2012-07-01,A,172119696
2012-07-01,B,650671040
2012-07-01,C,5067229696
2012-07-01,D,1200655
2012-07-01,E,543581
2012-07-01,F,5473539
2012-07-01,G,1401779456
2012-07-01,H,15233851
2012-07-01,I,206349
2012-07-01,J,4750510
2012-07-01,K,784045
2012-07-01,L,4022322
2012-07-01,M,8634607
2012-07-01,N,5263875
2012-07-01,P,39053
2012-07-01,Q,753916
2012-07-01,R,70332
2012-07-01,S,2658633
2012-07-01,Z,1018379
2012-08-01,A,195196768
2012-08-01,B,878195200
2012-08-01,C,4805929984
2012-08-01,D,3384163
2012-08-01,E,444890
2012-08-01,F,4338963
2012-08-01,G,1046130944
2012-08-01,H,50521760
2012-08-01,I,238952
2012-08-01,J,4019595
2012-08-01,K,-99
2012-08-01,L,3714338
2012-08-01,M,8450031
2012-08-01,N,5671483
2012-08-01,P,-99
2012-08-01,Q,421773
2012-08-01,R,545679
2012-08-01,S,792567
2012-08-01,Z,2234155
2012-09-01,A,171722192
2012-09-01,B,777820480
2012-09-01,C,4587542528
2012-09-01,D,2513695
2012-09-01,E,205914
2012-09-01,F,7063021
2012-09-01,G,1098405248
2012-09-01,H,41762392
2012-09-01,I,278000
2012-09-01,J,3451963
2012-09-01,K,-99
2012-09-01,L,2406882
2012-09-01,M,12630943
2012-09-01,N,9248148
2012-09-01,P,42151
2012-09-01,Q,465213
2012-09-01,R,675306
2012-09-01,S,1162744
2012-09-01,Z,1871731
2012-10-01,A,180638208
2012-10-01,B,744648448
2012-10-01,C,4666856448
2012-10-01,D,768856
2012-10-01,E,-99
2012-10-01,F,11321396
2012-10-01,G,944560384
2012-10-01,H,77268608
2012-10-01,I,152083
2012-10-01,J,5208957
2012-10-01,K,-99
2012-10-01,L,4604714
2012-10-01,M,7803157
2012-10-01,N,4443462
2012-10-01,P,62446
2012-10-01,Q,390378
2012-10-01,R,134649
2012-10-01,S,797583
2012-10-01,Z,1966412
2012-11-01,A,161897600
2012-11-01,B,728025664
2012-11-01,C,4550308864
2012-11-01,D,1171158
2012-11-01,E,421892
2012-11-01,F,11590059
2012-11-01,G,812838592
2012-11-01,H,47783924
2012-11-01,I,294941
2012-11-01,J,5041661
2012-11-01,K,-99
2012-11-01,L,1756733
2012-11-01,M,5278480
2012-11-01,N,9151985
2012-11-01,P,-99
2012-11-01,Q,557719
2012-11-01,R,530303
2012-11-01,S,2235587
2012-11-01,Z,1661997
2012-12-01,A,152313392
2012-12-01,B,664833536
2012-12-01,C,4283066880
2012-12-01,D,1322335
2012-12-01,E,-99
2012-12-01,F,13959539
2012-12-01,G,773590912
2012-12-01,H,76427168
2012-12-01,I,44806
2012-12-01,J,5774234
2012-12-01,K,1626373
2012-12-01,L,11727055
2012-12-01,M,8831700
2012-12-01,N,7523639
2012-12-01,P,-99
2012-12-01,Q,688471
2012-12-01,R,42563412
2012-12-01,S,1906878
2012-12-01,Z,777424
2013-01-01,A,94107448
2013-01-01,B,496810656
2013-01-01,C,3551358464
2013-01-01,D,292940
2013-01-01,E,84174
2013-01-01,F,16343853
2013-01-01,G,893135296
2013-01-01,H,38656864
2013-01-01,I,85922
2013-01-01,J,7039728
2013-01-01,K,-99
2013-01-01,L,7564038
2013-01-01,M,5685165
2013-01-01,N,6159061
2013-01-01,P,-99
2013-01-01,Q,371245
2013-01-01,R,135946
2013-01-01,S,646979
2013-01-01,Z,127158
2013-02-01,A,162401936
2013-02-01,B,430326464
2013-02-01,C,3087886592
2013-02-01,D,-99
2013-02-01,E,446365
2013-02-01,F,3933687
2013-02-01,G,836505664
2013-02-01,H,131988384
2013-02-01,I,311861
2013-02-01,J,3585042
2013-02-01,K,-99
2013-02-01,L,3544636
2013-02-01,M,3471621
2013-02-01,N,6985366
2013-02-01,P,48700
2013-02-01,Q,441178
2013-02-01,R,-99
2013-02-01,S,3622942
2013-02-01,Z,25638
2013-03-01,A,211855168
2013-03-01,B,530824704
2013-03-01,C,3999100416
2013-03-01,D,752776
2013-03-01,E,618909
2013-03-01,F,4378546
2013-03-01,G,1018400512
2013-03-01,H,51818908
2013-03-01,I,196105
2013-03-01,J,3944505
2013-03-01,K,-99
2013-03-01,L,7960842
2013-03-01,M,3763537
2013-03-01,N,7548211
2013-03-01,P,-99
2013-03-01,Q,552749
2013-03-01,R,1207438
2013-03-01,S,1571296
2013-03-01,Z,79302
2013-04-01,A,184297024
2013-04-01,B,369021696
2013-04-01,C,4540994048
2013-04-01,D,-99
2013-04-01,E,401716
2013-04-01,F,4682597
2013-04-01,G,1499101312
2013-04-01,H,80236016
2013-04-01,I,272720
2013-04-01,J,3912318
2013-04-01,K,-99
2013-04-01,L,16085552
2013-04-01,M,3603589
2013-04-01,N,15837267
2013-04-01,P,-99
2013-04-01,Q,518573
2013-04-01,R,856827
2013-04-01,S,2322968
2013-04-01,Z,42420
2013-05-01,A,189447104
2013-05-01,B,718409216
2013-05-01,C,5266509312
2013-05-01,D,13579354
2013-05-01,E,771264
2013-05-01,F,6415781
2013-05-01,G,1715723776
2013-05-01,H,175733296
2013-05-01,I,238585
2013-05-01,J,3306290
2013-05-01,K,-99
2013-05-01,L,10855809
2013-05-01,M,5232110
2013-05-01,N,13039657
2013-05-01,P,47944
2013-05-01,Q,666482
2013-05-01,R,333722
2013-05-01,S,4584121
2013-05-01,Z,871598
2013-06-01,A,187952160
2013-06-01,B,533015808
2013-06-01,C,5163589120
2013-06-01,D,934005
2013-06-01,E,-99
2013-06-01,F,1215456
2013-06-01,G,1260843648
2013-06-01,H,91069152
2013-06-01,I,173907
2013-06-01,J,4827788
2013-06-01,K,-99
2013-06-01,L,12289623
2013-06-01,M,6769240
2013-06-01,N,6485192
2013-06-01,P,49625
2013-06-01,Q,396367
2013-06-01,R,37277444
2013-06-01,S,3095823
2013-06-01,Z,67430
2013-07-01,A,196066752
2013-07-01,B,305883680
2013-07-01,C,4731324416
2013-07-01,D,308895
2013-07-01,E,473893
2013-07-01,F,1654978
2013-07-01,G,1228080640
2013-07-01,H,107462312
2013-07-01,I,155695
2013-07-01,J,3310096
2013-07-01,K,-99
2013-07-01,L,22164882
2013-07-01,M,7635875
2013-07-01,N,10285967
2013-07-01,P,69345
2013-07-01,Q,485742
2013-07-01,R,563526
2013-07-01,S,2427241
2013-07-01,Z,-99
2013-08-01,A,200706352
2013-08-01,B,436044320
2013-08-01,C,5014606336
2013-08-01,D,165529
2013-08-01,E,327740
2013-08-01,F,6585336
2013-08-01,G,1244064896
2013-08-01,H,18773788
2013-08-01,I,103447
2013-08-01,J,4043932
2013-08-01,K,-99
2013-08-01,L,10996828
2013-08-01,M,5767128
2013-08-01,N,4897837
2013-08-01,P,-99
2013-08-01,Q,664741
2013-08-01,R,460803
2013-08-01,S,725934
2013-08-01,Z,-99
2013-09-01,A,189708768
2013-09-01,B,491792448
2013-09-01,C,4495336448
2013-09-01,D,1508816
2013-09-01,E,386713
2013-09-01,F,10111170
2013-09-01,G,1047357888
2013-09-01,H,170741696
2013-09-01,I,156860
2013-09-01,J,2798129
2013-09-01,K,-99
2013-09-01,L,1592933
2013-09-01,M,7042627
2013-09-01,N,3841820
2013-09-01,P,-99
2013-09-01,Q,313893
2013-09-01,R,32108356
2013-09-01,S,1133058
2013-09-01,Z,171115
2013-10-01,A,191664496
2013-10-01,B,520693376
2013-10-01,C,4186255872
2013-10-01,D,733093
2013-10-01,E,539867
2013-10-01,F,5180509
2013-10-01,G,710030848
2013-10-01,H,99536736
2013-10-01,I,85707
2013-10-01,J,3957334
2013-10-01,K,-99
2013-10-01,L,901783
2013-10-01,M,2209121
2013-10-01,N,4869088
2013-10-01,P,22030
2013-10-01,Q,456653
2013-10-01,R,170456
2013-10-01,S,620585
2013-10-01,Z,3499506
2013-11-01,A,131212440
2013-11-01,B,389747904
2013-11-01,C,3747010048
2013-11-01,D,452564
2013-11-01,E,1103411
2013-11-01,F,2380711
2013-11-01,G,468473632
2013-11-01,H,103852136
2013-11-01,I,179133
2013-11-01,J,4886005
2013-11-01,K,-99
2013-11-01,L,515290
2013-11-01,M,2111261
2013-11-01,N,4394710
2013-11-01,P,-99
2013-11-01,Q,391467
2013-11-01,R,1182254
2013-11-01,S,442962
2013-11-01,Z,31162
2013-12-01,A,144152832
2013-12-01,B,369023200
2013-12-01,C,3572801792
2013-12-01,D,525135
2013-12-01,E,315227
2013-12-01,F,6302156
2013-12-01,G,551609152
2013-12-01,H,107769600
2013-12-01,I,105792
2013-12-01,J,5896232
2013-12-01,K,-99
2013-12-01,L,581620
2013-12-01,M,8246667
2013-12-01,N,4261851
2013-12-01,P,45561
2013-12-01,Q,478009
2013-12-01,R,462787
2013-12-01,S,1143264
2013-12-01,Z,-99
2014-01-01,A,84321104
2014-01-01,B,424874784
2014-01-01,C,2892193024
2014-01-01,D,-99
2014-01-01,E,284975
2014-01-01,F,3033706
2014-01-01,G,499584192
2014-01-01,H,94351312
2014-01-01,J,3800223
2014-01-01,K,-99
2014-01-01,L,430997
2014-01-01,M,4035737
2014-01-01,N,2665773
2014-01-01,P,-99
2014-01-01,Q,195072
2014-01-01,R,434289
2014-01-01,S,1091052
2014-01-01,Z,-99
2014-02-01,A,129076336
2014-02-01,B,463328064
2014-02-01,C,2971997184
2014-02-01,D,-99
2014-02-01,E,343121
2014-02-01,F,1279621
2014-02-01,G,451334720
2014-02-01,H,79793424
2014-02-01,I,350048
2014-02-01,J,3116350
2014-02-01,K,4608906
2014-02-01,L,776591
2014-02-01,M,2835131
2014-02-01,N,3340812
2014-02-01,Q,393828
2014-02-01,R,175309
2014-02-01,S,540057
2014-03-01,A,191822160
2014-03-01,B,657800128
2014-03-01,C,3210124544
2014-03-01,D,1687874
2014-03-01,E,315820
2014-03-01,F,2104801
2014-03-01,G,547699456
2014-03-01,H,22808852
2014-03-01,I,174025
2014-03-01,J,2761402
2014-03-01,K,-99
2014-03-01,L,1130978
2014-03-01,M,4188074
2014-03-01,N,2636021
2014-03-01,P,-99
2014-03-01,Q,333936
2014-03-01,R,72210
2014-03-01,S,804620
2014-04-01,A,146132064
2014-04-01,B,402407872
2014-04-01,C,4548797440
2014-04-01,D,371678
2014-04-01,E,262832
2014-04-01,F,5175040
2014-04-01,G,1111064192
2014-04-01,H,18648596
2014-04-01,I,140761
2014-04-01,J,2602800
2014-04-01,K,-99
2014-04-01,L,371610
2014-04-01,M,3280259
2014-04-01,N,5637285
2014-04-01,P,-99
2014-04-01,Q,-99
2014-04-01,R,60319
2014-04-01,S,640610
2014-05-01,A,188734432
2014-05-01,B,430482624
2014-05-01,C,4965051392
2014-05-01,D,429888
2014-05-01,E,319368
2014-05-01,F,4386622
2014-05-01,G,1182391936
2014-05-01,H,50019024
2014-05-01,I,34298
2014-05-01,J,3080273
2014-05-01,K,-99
2014-05-01,L,1454530
2014-05-01,M,3825906
2014-05-01,N,2592790
2014-05-01,P,59212
2014-05-01,Q,-99
2014-05-01,R,46133
2014-05-01,S,970241
2014-05-01,Z,24507
2014-06-01,A,163429168
2014-06-01,B,559319488
2014-06-01,C,5078940672
2014-06-01,D,42939
2014-06-01,E,102778
2014-06-01,F,5200014
2014-06-01,G,1075768448
2014-06-01,H,27267472
2014-06-01,I,342119
2014-06-01,J,3521284
2014-06-01,K,-99
2014-06-01,L,973794
2014-06-01,M,3856043
2014-06-01,N,3014606
2014-06-01,P,-99
2014-06-01,Q,339128
2014-06-01,R,-99
2014-06-01,S,499342
2014-06-01,Z,-99
2014-07-01,A,152073712
2014-07-01,B,334523232
2014-07-01,C,4540853248
2014-07-01,D,363334
2014-07-01,E,292760
2014-07-01,F,1501345
2014-07-01,G,1071959872
2014-07-01,H,15479921
2014-07-01,I,111623
2014-07-01,J,3579276
2014-07-01,K,-99
2014-07-01,L,4111429
2014-07-01,M,7935316
2014-07-01,N,2014688
2014-07-01,P,-99
2014-07-01,Q,425040
2014-07-01,R,-99
2014-07-01,S,724718
2014-08-01,A,190102560
2014-08-01,B,344034560
2014-08-01,C,4482570752
2014-08-01,D,-99
2014-08-01,E,240678
2014-08-01,F,2716067
2014-08-01,G,1162564736
2014-08-01,H,15817625
2014-08-01,I,200230
2014-08-01,J,2926673
2014-08-01,K,-99
2014-08-01,L,2429794
2014-08-01,M,8232521
2014-08-01,N,2283565
2014-08-01,P,-99
2014-08-01,Q,501601
2014-08-01,R,42865
2014-08-01,S,634952
2014-08-01,Z,-99
2014-09-01,A,172795328
2014-09-01,B,403497920
2014-09-01,C,4073905408
2014-09-01,D,630632
2014-09-01,E,407679
2014-09-01,F,2249400
2014-09-01,G,772091392
2014-09-01,H,63212044
2014-09-01,I,176360
2014-09-01,J,2522300
2014-09-01,K,-99
2014-09-01,L,2709667
2014-09-01,M,7260274
2014-09-01,N,2163392
2014-09-01,P,-99
2014-09-01,Q,258395
2014-09-01,R,-99
2014-09-01,S,582534
2014-10-01,A,238560080
2014-10-01,B,498073792
2014-10-01,C,4058657024
2014-10-01,D,246108
2014-10-01,E,108125
2014-10-01,F,2553403
2014-10-01,G,666842880
2014-10-01,H,145520848
2014-10-01,I,240380
2014-10-01,J,4163311
2014-10-01,K,-99
2014-10-01,L,13915636
2014-10-01,M,4870178
2014-10-01,N,2120872
2014-10-01,P,-99
2014-10-01,Q,364556
2014-10-01,R,2388371
2014-10-01,S,657970
2014-11-01,A,146176848
2014-11-01,B,378297696
2014-11-01,C,3683353088
2014-11-01,D,939556
2014-11-01,E,301210
2014-11-01,F,1349044
2014-11-01,G,461744992
2014-11-01,H,66730476
2014-11-01,I,147856
2014-11-01,J,4112075
2014-11-01,K,-99
2014-11-01,L,10949851
2014-11-01,M,2218310
2014-11-01,N,3266332
2014-11-01,P,-99
2014-11-01,Q,525021
2014-11-01,R,132420
2014-11-01,S,834074
2014-12-01,A,111986552
2014-12-01,B,404496736
2014-12-01,C,3361179136
2014-12-01,D,1252875
2014-12-01,E,628133
2014-12-01,F,15815657
2014-12-01,G,436848960
2014-12-01,H,7725157
2014-12-01,I,-99
2014-12-01,J,3520850
2014-12-01,K,-99
2014-12-01,L,10748792
2014-12-01,M,8786029
2014-12-01,N,2644597
2014-12-01,P,34567
2014-12-01,Q,470316
2014-12-01,R,24851
2014-12-01,S,961711
2015-01-01,A,133191056
2015-01-01,B,415893376
2015-01-01,C,2568994816
2015-01-01,D,680002
2015-01-01,E,676953
2015-01-01,F,3295181
2015-01-01,G,454695808
2015-01-01,H,43934948
2015-01-01,J,2984644
2015-01-01,K,-99
2015-01-01,L,21254474
2015-01-01,M,4121632
2015-01-01,N,2896216
2015-01-01,P,7953
2015-01-01,Q,498139
2015-01-01,R,13888
2015-01-01,S,1004155
2015-02-01,A,147903504
2015-02-01,B,419627136
2015-02-01,C,2630112000
2015-02-01,D,-99
2015-02-01,E,632564
2015-02-01,F,6566300
2015-02-01,G,470819264
2015-02-01,H,20485532
2015-02-01,I,72933
2015-02-01,J,2434688
2015-02-01,K,-99
2015-02-01,L,19896144
2015-02-01,M,3616387
2015-02-01,N,1844722
2015-02-01,Q,344369
2015-02-01,R,55768
2015-02-01,S,811492
2015-03-01,A,146558320
2015-03-01,B,395062336
2015-03-01,C,3101057280
2015-03-01,D,-99
2015-03-01,E,344574
2015-03-01,F,2622825
2015-03-01,G,555055808
2015-03-01,H,22846998
2015-03-01,I,254793
2015-03-01,J,3373413
2015-03-01,K,-99
2015-03-01,L,14631774
2015-03-01,M,2225503
2015-03-01,N,1869233
2015-03-01,P,-99
2015-03-01,Q,952017
2015-03-01,R,5032448
2015-03-01,S,761313
2015-04-01,A,157139408
2015-04-01,B,297282144
2015-04-01,C,3446086912
2015-04-01,D,676292
2015-04-01,E,381575
2015-04-01,F,3620630
2015-04-01,G,1025532992
2015-04-01,H,28334340
2015-04-01,I,64429
2015-04-01,J,2134146
2015-04-01,K,-99
2015-04-01,L,37832012
2015-04-01,M,1858368
2015-04-01,N,2651972
2015-04-01,P,-99
2015-04-01,Q,608187
2015-04-01,R,-99
2015-04-01,S,831577
2015-05-01,A,146237760
2015-05-01,B,342539520
2015-05-01,C,3394536704
2015-05-01,D,-99
2015-05-01,E,288094
2015-05-01,F,2686160
2015-05-01,G,1136749440
2015-05-01,H,28076300
2015-05-01,I,-99
2015-05-01,J,2737228
2015-05-01,K,-99
2015-05-01,L,21218800
2015-05-01,M,4919742
2015-05-01,N,2455190
2015-05-01,P,-99
2015-05-01,Q,1351165
2015-05-01,R,-99
2015-05-01,S,632890
2015-06-01,A,171200384
2015-06-01,B,401121056
2015-06-01,C,4126540544
2015-06-01,D,5459847
2015-06-01,E,218268
2015-06-01,F,1832180
2015-06-01,G,1251471616
2015-06-01,H,59036568
2015-06-01,I,94425
2015-06-01,J,3116810
2015-06-01,K,-99
2015-06-01,L,10134377
2015-06-01,M,2306197
2015-06-01,N,3121957
2015-06-01,P,-99
2015-06-01,Q,2274855
2015-06-01,R,4118878
2015-06-01,S,571482
2015-07-01,A,165434032
2015-07-01,B,312185600
2015-07-01,C,3991528192
2015-07-01,D,12801345
2015-07-01,E,-99
2015-07-01,F,5988329
2015-07-01,G,905434240
2015-07-01,H,22593304
2015-07-01,I,247088
2015-07-01,J,2950437
2015-07-01,K,-99
2015-07-01,L,1214773
2015-07-01,M,2896608
2015-07-01,N,5656251
2015-07-01,P,-99
2015-07-01,Q,322539
2015-07-01,R,-99
2015-07-01,S,491505
2015-08-01,A,167773264
2015-08-01,B,289205184
2015-08-01,C,3614731776
2015-08-01,D,511830
2015-08-01,E,94708
2015-08-01,F,1312272
2015-08-01,G,910571136
2015-08-01,H,98159552
2015-08-01,I,109723
2015-08-01,J,3245275
2015-08-01,K,-99
2015-08-01,L,349105
2015-08-01,M,2015486
2015-08-01,N,2639256
2015-08-01,P,12392603
2015-08-01,Q,1277168
2015-08-01,R,115109
2015-08-01,S,410101
2015-09-01,A,133799888
2015-09-01,B,361680480
2015-09-01,C,3456236288
2015-09-01,D,3597639
2015-09-01,E,638942
2015-09-01,F,2181962
2015-09-01,G,1022128896
2015-09-01,H,12158304
2015-09-01,I,-99
2015-09-01,J,2137334
2015-09-01,K,-99
2015-09-01,L,12666879
2015-09-01,M,7516478
2015-09-01,N,2597358
2015-09-01,P,29016
2015-09-01,Q,275422
2015-09-01,R,71339
2015-09-01,S,398219
2015-10-01,A,190411248
2015-10-01,B,348589920
2015-10-01,C,3384790272
2015-10-01,D,6900922
2015-10-01,E,683294
2015-10-01,F,1305037
2015-10-01,G,888733632
2015-10-01,H,66692268
2015-10-01,J,3824442
2015-10-01,K,-99
2015-10-01,L,5758924
2015-10-01,M,1735773
2015-10-01,N,2686751
2015-10-01,P,-99
2015-10-01,Q,575228
2015-10-01,R,227996
2015-10-01,S,512274
2015-10-01,Z,-99
2015-11-01,A,130499520
2015-11-01,B,301407392
2015-11-01,C,2838734848
2015-11-01,D,-99
2015-11-01,E,221760
2015-11-01,F,2526902
2015-11-01,G,533180864
2015-11-01,H,39624264
2015-11-01,I,-99
2015-11-01,J,4589226
2015-11-01,K,-99
2015-11-01,L,3513034
2015-11-01,M,1297629
2015-11-01,N,2537879
2015-11-01,Q,348509
2015-11-01,R,26125
2015-11-01,S,565411
2015-12-01,A,83564720
2015-12-01,B,418620256
2015-12-01,C,2357379840
2015-12-01,D,1240363
2015-12-01,E,35977
2015-12-01,F,1771230
2015-12-01,G,414337120
2015-12-01,H,54257692
2015-12-01,I,-99
2015-12-01,J,2223052
2015-12-01,K,-99
2015-12-01,L,1115317
2015-12-01,M,4376521
2015-12-01,N,2591563
2015-12-01,P,-99
2015-12-01,Q,456588
2015-12-01,R,720527
2015-12-01,S,693513
2015-12-01,Z,-99
2016-01-01,A,126907312
2016-01-01,B,375803360
2016-01-01,C,2729880576
2016-01-01,D,644055
2016-01-01,E,-99
2016-01-01,F,2252367
2016-01-01,G,462501792
2016-01-01,H,55477676
2016-01-01,I,-99
2016-01-01,J,2311207
2016-01-01,K,-99
2016-01-01,L,1348922
2016-01-01,M,1497360
2016-01-01,N,1948152
2016-01-01,P,-99
2016-01-01,Q,540371
2016-01-01,R,-99
2016-01-01,S,349462
2016-01-01,Z,-99
2016-02-01,A,127681240
2016-02-01,B,281328000
2016-02-01,C,2951468288
2016-02-01,D,293974
2016-02-01,E,387155
2016-02-01,F,1166889
2016-02-01,G,637817088
2016-02-01,H,26690546
2016-02-01,I,220224
2016-02-01,J,2425470
2016-02-01,K,-99
2016-02-01,L,1242452
2016-02-01,M,1375089
2016-02-01,N,2479943
2016-02-01,P,33889
2016-02-01,Q,365690
2016-02-01,R,54506
2016-02-01,S,623972
2016-02-01,Z,-99
2016-03-01,A,147722608
2016-03-01,B,336010400
2016-03-01,C,3109197568
2016-03-01,D,1158744
2016-03-01,E,-99
2016-03-01,F,1201110
2016-03-01,G,670794112
2016-03-01,H,33963204
2016-03-01,I,94998
2016-03-01,J,2684994
2016-03-01,K,-99
2016-03-01,L,947794
2016-03-01,M,1187138
2016-03-01,N,2994769
2016-03-01,P,-99
2016-03-01,Q,561438
2016-03-01,R,391444
2016-03-01,S,355298
2016-03-01,Z,-99
2016-04-01,A,137410368
2016-04-01,B,379592544
2016-04-01,C,3334368256
2016-04-01,D,-99
2016-04-01,E,11993
2016-04-01,F,1643272
2016-04-01,G,770848192
2016-04-01,H,25841856
2016-04-01,I,-99
2016-04-01,J,3007880
2016-04-01,K,-99
2016-04-01,L,833524
2016-04-01,M,1250421
2016-04-01,N,4111506
2016-04-01,P,-99
2016-04-01,Q,175637
2016-04-01,R,109673
2016-04-01,S,572387
2016-04-01,Z,-99
2016-05-01,A,143246976
2016-05-01,B,230835232
2016-05-01,C,3859614208
2016-05-01,D,1788670
2016-05-01,E,307274
2016-05-01,F,1713728
2016-05-01,G,939837696
2016-05-01,H,14619995
2016-05-01,I,113575
2016-05-01,J,2518854
2016-05-01,K,-99
2016-05-01,L,231783
2016-05-01,M,1097605
2016-05-01,N,5589990
2016-05-01,P,36025
2016-05-01,Q,618869
2016-05-01,R,36126
2016-05-01,S,674465
2016-05-01,Z,-99
2016-06-01,A,161832576
2016-06-01,B,405735936
2016-06-01,C,3546383872
2016-06-01,D,750212
2016-06-01,E,-99
2016-06-01,F,7460521
2016-06-01,G,994188416
2016-06-01,H,61397892
2016-06-01,I,-99
2016-06-01,J,2377656
2016-06-01,K,-99
2016-06-01,L,1690738
2016-06-01,M,1400176
2016-06-01,N,5235689
2016-06-01,P,27400
2016-06-01,Q,887533
2016-06-01,R,82245
2016-06-01,S,744742
2016-06-01,Z,-99
2016-07-01,A,177380304
2016-07-01,B,249816624
2016-07-01,C,3494542080
2016-07-01,D,899293
2016-07-01,E,880617
2016-07-01,F,1206399
2016-07-01,G,882123328
2016-07-01,H,50524376
2016-07-01,I,112501
2016-07-01,J,4009972
2016-07-01,K,-99
2016-07-01,L,2188927
2016-07-01,M,2674220
2016-07-01,N,4233897
2016-07-01,Q,581189
2016-07-01,R,123069
2016-07-01,S,765617
2016-07-01,Z,-99
2016-08-01,A,178783536
2016-08-01,B,403336512
2016-08-01,C,3997595136
2016-08-01,D,1898796
2016-08-01,E,372199
2016-08-01,F,4907415
2016-08-01,G,1034811520
2016-08-01,H,62217304
2016-08-01,I,117305
2016-08-01,J,1627834
2016-08-01,K,-99
2016-08-01,L,2737954
2016-08-01,M,1501950
2016-08-01,N,3529590
2016-08-01,P,13172
2016-08-01,Q,489917
2016-08-01,R,-99
2016-08-01,S,692900
2016-09-01,A,150644176
2016-09-01,B,448635136
2016-09-01,C,3560741376
2016-09-01,D,16682041
2016-09-01,E,190990
2016-09-01,F,11501984
2016-09-01,G,689493120
2016-09-01,H,20132268
2016-09-01,I,68391
2016-09-01,J,2773454
2016-09-01,K,-99
2016-09-01,L,2480893
2016-09-01,M,1440023
2016-09-01,N,1628744
2016-09-01,P,-99
2016-09-01,Q,707975
2016-09-01,R,-99
2016-09-01,S,624751
2016-10-01,A,191465520
2016-10-01,B,386185184
2016-10-01,C,3376932096
2016-10-01,D,1574697
2016-10-01,E,1575791
2016-10-01,F,1419872
2016-10-01,G,520209408
2016-10-01,H,47842816
2016-10-01,I,-99
2016-10-01,J,3347344
2016-10-01,K,-99
2016-10-01,L,1527683
2016-10-01,M,3476346
2016-10-01,N,2031235
2016-10-01,P,-99
2016-10-01,Q,482835
2016-10-01,R,66322
2016-10-01,S,706914
2016-10-01,Z,-99
2016-11-01,A,157868784
2016-11-01,B,372911072
2016-11-01,C,3672273664
2016-11-01,D,395435
2016-11-01,E,-99
2016-11-01,F,2809618
2016-11-01,G,509932832
2016-11-01,H,76701088
2016-11-01,I,173861
2016-11-01,J,3799675
2016-11-01,K,1157444
2016-11-01,L,1182079
2016-11-01,M,1583946
2016-11-01,N,5447625
2016-11-01,P,-99
2016-11-01,Q,562433
2016-11-01,S,656087
2016-11-01,Z,-99
2016-12-01,A,121588232
2016-12-01,B,469204640
2016-12-01,C,3362333696
2016-12-01,D,9397981
2016-12-01,E,2009876
2016-12-01,F,2459158
2016-12-01,G,505320128
2016-12-01,H,13210572
2016-12-01,I,-99
2016-12-01,J,3208468
2016-12-01,K,-99
2016-12-01,L,991343
2016-12-01,M,3104633
2016-12-01,N,3506813
2016-12-01,P,-99
2016-12-01,Q,1930747
2016-12-01,R,147416192
2016-12-01,S,755451
2017-01-01,A,117605464
2017-01-01,B,372030112
2017-01-01,C,3063282176
2017-01-01,D,6745510
2017-01-01,E,1895368
2017-01-01,F,50041744
2017-01-01,G,553280896
2017-01-01,H,92754144
2017-01-01,I,199633
2017-01-01,J,3598328
2017-01-01,K,-99
2017-01-01,L,952924
2017-01-01,M,2514893
2017-01-01,N,2708874
2017-01-01,Q,281586
2017-01-01,R,198569
2017-01-01,S,385763
2017-01-01,Z,-99
2017-02-01,A,143884576
2017-02-01,B,343280768
2017-02-01,C,2731669504
2017-02-01,D,4151900
2017-02-01,E,2037392
2017-02-01,F,741681
2017-02-01,G,490273312
2017-02-01,H,50827796
2017-02-01,I,-99
2017-02-01,J,3597318
2017-02-01,K,-99
2017-02-01,L,1677631
2017-02-01,M,1068104
2017-02-01,N,2872387
2017-02-01,P,-99
2017-02-01,Q,286697
2017-02-01,R,5042000
2017-02-01,S,386948
2017-03-01,A,173124560
2017-03-01,B,322916768
2017-03-01,C,3316966400
2017-03-01,D,1801056
2017-03-01,E,1471999
2017-03-01,F,978808
2017-03-01,G,594459648
2017-03-01,H,94173616
2017-03-01,I,186093
2017-03-01,J,3008183
2017-03-01,K,-99
2017-03-01,L,255316
2017-03-01,M,2166100
2017-03-01,N,3125063
2017-03-01,P,-99
2017-03-01,Q,311510
2017-03-01,R,262352
2017-03-01,S,689663
2017-03-01,Z,-99
2017-04-01,A,136432768
2017-04-01,B,227855200
2017-04-01,C,3608129280
2017-04-01,D,6992212
2017-04-01,E,875677
2017-04-01,F,2445320
2017-04-01,G,745673472
2017-04-01,H,17638892
2017-04-01,I,-99
2017-04-01,J,2743519
2017-04-01,K,-99
2017-04-01,L,229421
2017-04-01,M,1395483
2017-04-01,N,2629589
2017-04-01,Q,346003
2017-04-01,R,2838316
2017-04-01,S,631736
2017-04-01,Z,-99
2017-05-01,A,137201936
2017-05-01,B,384019328
2017-05-01,C,3803862272
2017-05-01,D,15477124
2017-05-01,E,1481406
2017-05-01,F,50732252
2017-05-01,G,886138880
2017-05-01,H,41176356
2017-05-01,I,-99
2017-05-01,J,2971038
2017-05-01,K,-99
2017-05-01,L,94012
2017-05-01,M,7690590
2017-05-01,N,3532173
2017-05-01,Q,2083137
2017-05-01,R,254152
2017-05-01,S,752073
2017-06-01,A,181460704
2017-06-01,B,337318560
2017-06-01,C,3706062592
2017-06-01,D,7362982
2017-06-01,E,1147318
2017-06-01,F,2884374
2017-06-01,G,725750720
2017-06-01,H,21838584
2017-06-01,I,139012
2017-06-01,J,2449609
2017-06-01,K,-99
2017-06-01,L,132122
2017-06-01,M,1369226
2017-06-01,N,3003188
2017-06-01,P,27640
2017-06-01,Q,312811
2017-06-01,R,415050
2017-06-01,S,720776
2017-07-01,A,208179680
2017-07-01,B,280904960
2017-07-01,C,3913524736
2017-07-01,D,1773231
2017-07-01,E,896233
2017-07-01,F,787386
2017-07-01,G,690369472
2017-07-01,H,26669678
2017-07-01,I,-99
2017-07-01,J,4103062
2017-07-01,K,-99
2017-07-01,L,200140
2017-07-01,M,4383699
2017-07-01,N,3477416
2017-07-01,P,-99
2017-07-01,Q,720605
2017-07-01,R,31607
2017-07-01,S,959004
2017-08-01,A,182887024
2017-08-01,B,314495776
2017-08-01,C,3767775232
2017-08-01,D,21364628
2017-08-01,E,2061459
2017-08-01,F,1255623
2017-08-01,G,762932608
2017-08-01,H,58973568
2017-08-01,I,210336
2017-08-01,J,2422452
2017-08-01,K,-99
2017-08-01,L,195306
2017-08-01,M,1318030
2017-08-01,N,2322473
2017-08-01,P,-99
2017-08-01,Q,467447
2017-08-01,R,-99
2017-08-01,S,388866
2017-09-01,A,206063024
2017-09-01,B,365050080
2017-09-01,C,3592111360
2017-09-01,D,6913370
2017-09-01,E,2023216
2017-09-01,F,761656
2017-09-01,G,754814976
2017-09-01,H,52722916
2017-09-01,I,-99
2017-09-01,J,2958020
2017-09-01,K,8042229
2017-09-01,L,125729
2017-09-01,M,872403
2017-09-01,N,2946067
2017-09-01,P,-99
2017-09-01,Q,414534
2017-09-01,R,-99
2017-09-01,S,552952
2017-10-01,A,204507728
2017-10-01,B,477709120
2017-10-01,C,3691923712
2017-10-01,D,14873531
2017-10-01,E,2173034
2017-10-01,F,534079
2017-10-01,G,692916608
2017-10-01,H,140527344
2017-10-01,I,735875
2017-10-01,J,2960061
2017-10-01,K,-99
2017-10-01,L,2475799
2017-10-01,M,1521563
2017-10-01,N,2279065
2017-10-01,P,-99
2017-10-01,Q,218335
2017-10-01,R,-99
2017-10-01,S,568062
2017-11-01,A,149063792
2017-11-01,B,430205600
2017-11-01,C,3291663360
2017-11-01,D,3913652
2017-11-01,E,1988858
2017-11-01,F,1215404
2017-11-01,G,497744896
2017-11-01,H,44793784
2017-11-01,I,267997
2017-11-01,J,4623016
2017-11-01,K,-99
2017-11-01,L,949053
2017-11-01,M,1289016
2017-11-01,N,3392793
2017-11-01,P,-99
2017-11-01,Q,375241
2017-11-01,R,-99
2017-11-01,S,734033
2017-11-01,Z,-99
2017-12-01,A,118652888
2017-12-01,B,512885760
2017-12-01,C,3226808832
2017-12-01,D,811660
2017-12-01,E,1912855
2017-12-01,F,5974932
2017-12-01,G,501592032
2017-12-01,H,9361566
2017-12-01,I,165929
2017-12-01,J,3457376
2017-12-01,K,-99
2017-12-01,L,6295133
2017-12-01,M,3234056
2017-12-01,N,2499615
2017-12-01,P,-99
2017-12-01,Q,461263
2017-12-01,R,196851
2017-12-01,S,936265
2017-12-01,Z,-99
2018-01-01,A,132966184
2018-01-01,B,509852000
2018-01-01,C,3239105280
2018-01-01,D,3818773
2018-01-01,E,-99
2018-01-01,F,1092303
2018-01-01,G,655869504
2018-01-01,H,31828004
2018-01-01,I,-99
2018-01-01,J,2906229
2018-01-01,K,-99
2018-01-01,L,89254
2018-01-01,M,2207862
2018-01-01,N,3036846
2018-01-01,P,-99
2018-01-01,Q,141754
2018-01-01,R,-99
2018-01-01,S,813538
2018-02-01,A,145951744
2018-02-01,B,341191520
2018-02-01,C,2982280448
2018-02-01,D,7731856
2018-02-01,E,1265811
2018-02-01,F,1271737
2018-02-01,G,592805440
2018-02-01,H,54168300
2018-02-01,I,-99
2018-02-01,J,1665200
2018-02-01,K,-99
2018-02-01,L,150191
2018-02-01,M,938115
2018-02-01,N,3278385
2018-02-01,P,-99
2018-02-01,Q,324240
2018-02-01,R,-99
2018-02-01,S,553712
2018-03-01,A,179060096
2018-03-01,B,472316448
2018-03-01,C,3971776768
2018-03-01,D,1932655
2018-03-01,E,2650826
2018-03-01,F,741113
2018-03-01,G,531425024
2018-03-01,H,60601192
2018-03-01,I,-99
2018-03-01,J,3405081
2018-03-01,K,-99
2018-03-01,L,-99
2018-03-01,M,1886269
2018-03-01,N,4140577
2018-03-01,P,-99
2018-03-01,Q,301343
2018-03-01,R,103573
2018-03-01,S,719582
2018-04-01,A,181492160
2018-04-01,B,446990816
2018-04-01,C,3892916992
2018-04-01,D,3918870
2018-04-01,E,1930042
2018-04-01,F,1944101
2018-04-01,G,444237472
2018-04-01,H,141931632
2018-04-01,I,-99
2018-04-01,J,1683494
2018-04-01,K,-99
2018-04-01,L,43843
2018-04-01,M,2058565
2018-04-01,N,4713378
2018-04-01,P,49418
2018-04-01,Q,138951
2018-04-01,R,1065037
2018-04-01,S,699869
2018-04-01,Z,-99
2018-05-01,A,131697656
2018-05-01,B,437665184
2018-05-01,C,3801395712
2018-05-01,D,2305405
2018-05-01,E,2083246
2018-05-01,F,1407019
2018-05-01,G,509398624
2018-05-01,H,38161112
2018-05-01,I,206756
2018-05-01,J,2255032
2018-05-01,K,-99
2018-05-01,L,108848
2018-05-01,M,10097669
2018-05-01,N,4451390
2018-05-01,Q,588372
2018-05-01,R,1131206
2018-05-01,S,452150
2018-06-01,A,194287360
2018-06-01,B,368957568
2018-06-01,C,3830121728
2018-06-01,D,9486878
2018-06-01,E,2849991
2018-06-01,F,854120
2018-06-01,G,509373952
2018-06-01,H,51223504
2018-06-01,I,245803
2018-06-01,J,7745522
2018-06-01,K,-99
2018-06-01,L,-99
2018-06-01,M,1974677
2018-06-01,N,4759064
2018-06-01,P,-99
2018-06-01,Q,91406
2018-06-01,R,-99
2018-06-01,S,452097
2018-07-01,A,172378128
2018-07-01,B,510600096
2018-07-01,C,3929468672
2018-07-01,D,13550511
2018-07-01,E,3681656
2018-07-01,F,2209973
2018-07-01,G,523109600
2018-07-01,H,86420472
2018-07-01,I,-99
2018-07-01,J,2547040
2018-07-01,K,3769047
2018-07-01,L,200768
2018-07-01,M,2516252
2018-07-01,N,3780754
2018-07-01,P,-99
2018-07-01,Q,430345
2018-07-01,R,5340462
2018-07-01,S,974075
2018-08-01,A,173062496
2018-08-01,B,312398464
2018-08-01,C,4029217792
2018-08-01,D,7896833
2018-08-01,E,3188354
2018-08-01,F,1777517
2018-08-01,G,411030496
2018-08-01,H,27088238
2018-08-01,I,103455
2018-08-01,J,2974454
2018-08-01,K,-99
2018-08-01,L,211470
2018-08-01,M,3201668
2018-08-01,N,3084377
2018-08-01,P,-99
2018-08-01,Q,393956
2018-08-01,R,97280
2018-08-01,S,858027
2018-08-01,Z,-99
2018-09-01,A,197355104
2018-09-01,B,458579200
2018-09-01,C,3724129792
2018-09-01,D,4093039
2018-09-01,E,2482298
2018-09-01,F,2477890
2018-09-01,G,444200416
2018-09-01,H,54335952
2018-09-01,I,166499
2018-09-01,J,2549439
2018-09-01,K,-99
2018-09-01,L,116250
2018-09-01,M,2823683
2018-09-01,N,2711097
2018-09-01,P,-99
2018-09-01,Q,-99
2018-09-01,R,-99
2018-09-01,S,1065265
2018-10-01,A,245588624
2018-10-01,B,371294240
2018-10-01,C,3861374208
2018-10-01,D,10089796
2018-10-01,E,489630
2018-10-01,F,1500588
2018-10-01,G,532502944
2018-10-01,H,161090400
2018-10-01,I,-99
2018-10-01,J,2485641
2018-10-01,K,-99
2018-10-01,L,-99
2018-10-01,M,1533485
2018-10-01,N,1864099
2018-10-01,P,-99
2018-10-01,Q,290303
2018-10-01,R,-99
2018-10-01,S,572538
2018-11-01,A,172757632
2018-11-01,B,547053120
2018-11-01,C,3769541888
2018-11-01,D,33363694
2018-11-01,E,3184574
2018-11-01,F,56319028
2018-11-01,G,610377728
2018-11-01,H,25000256
2018-11-01,I,-99
2018-11-01,J,3656460
2018-11-01,K,-99
2018-11-01,L,59978
2018-11-01,M,1118879
2018-11-01,N,22638948
2018-11-01,P,-99
2018-11-01,Q,312551
2018-11-01,R,139315
2018-11-01,S,938516
2018-11-01,Z,-99
2018-12-01,A,160440464
2018-12-01,B,386186944
2018-12-01,C,3938573568
2018-12-01,D,209115
2018-12-01,E,897630
2018-12-01,F,6280917
2018-12-01,G,640343936
2018-12-01,H,54148448
2018-12-01,I,-99
2018-12-01,J,4130289
2018-12-01,K,-99
2018-12-01,L,203334
2018-12-01,M,9303132
2018-12-01,N,3423472
2018-12-01,Q,331230
2018-12-01,R,104592
2018-12-01,S,602805
2019-01-01,A,114158896
2019-01-01,B,334928000
2019-01-01,C,3292752896
2019-01-01,D,20430964
2019-01-01,E,916869
2019-01-01,F,1569170
2019-01-01,G,511055808
2019-01-01,H,134646448
2019-01-01,I,191059
2019-01-01,J,3186230
2019-01-01,K,-99
2019-01-01,L,-99
2019-01-01,M,1833281
2019-01-01,N,2871235
2019-01-01,P,-99
2019-01-01,Q,151708
2019-01-01,R,5749391
2019-01-01,S,558591
2019-02-01,A,160931744
2019-02-01,B,356145056
2019-02-01,C,3137090304
2019-02-01,D,5995903
2019-02-01,E,1661738
2019-02-01,F,2357572
2019-02-01,G,499995520
2019-02-01,H,72845288
2019-02-01,I,155599
2019-02-01,J,3982296
2019-02-01,K,-99
2019-02-01,L,121371
2019-02-01,M,1344809
2019-02-01,N,2645373
2019-02-01,Q,234738
2019-02-01,R,2803200
2019-02-01,S,486325
2019-02-01,Z,-99
2019-03-01,A,154126432
2019-03-01,B,458322784
2019-03-01,C,3753990400
2019-03-01,D,18711862
2019-03-01,E,1206526
2019-03-01,F,3238717
2019-03-01,G,491543744
2019-03-01,H,30388788
2019-03-01,I,127585
2019-03-01,J,3096400
2019-03-01,K,-99
2019-03-01,L,214834
2019-03-01,M,1385543
2019-03-01,N,2516503
2019-03-01,P,-99
2019-03-01,Q,228925
2019-03-01,R,-99
2019-03-01,S,1131760
2019-03-01,Z,-99
2019-04-01,A,140129456
2019-04-01,B,459222464
2019-04-01,C,3887069696
2019-04-01,D,16039021
2019-04-01,E,-99
2019-04-01,F,2909157
2019-04-01,G,593187840
2019-04-01,H,183315552
2019-04-01,I,77901
2019-04-01,J,2645728
2019-04-01,K,-99
2019-04-01,L,81657
2019-04-01,M,840105
2019-04-01,N,8402334
2019-04-01,P,-99
2019-04-01,Q,2452315
2019-04-01,R,-99
2019-04-01,S,658769
2019-05-01,A,148604912
2019-05-01,B,496492064
2019-05-01,C,4260881664
2019-05-01,D,85220
2019-05-01,E,643949
2019-05-01,F,4467957
2019-05-01,G,881283520
2019-05-01,H,55755996
2019-05-01,I,-99
2019-05-01,J,2341290
2019-05-01,K,-99
2019-05-01,L,-99
2019-05-01,M,1781277
2019-05-01,N,3683451
2019-05-01,P,-99
2019-05-01,Q,326597
2019-05-01,R,127032
2019-05-01,S,865251
2019-06-01,A,124786112
2019-06-01,B,362414208
2019-06-01,C,3890357760
2019-06-01,D,19951636
2019-06-01,E,467616
2019-06-01,F,2500513
2019-06-01,G,570438912
2019-06-01,H,82713944
2019-06-01,I,147131
2019-06-01,J,3563794
2019-06-01,K,-99
2019-06-01,L,197638
2019-06-01,M,1749901
2019-06-01,N,3952417
2019-06-01,P,-99
2019-06-01,Q,163728
2019-06-01,R,246764
2019-06-01,S,771189
2019-07-01,A,173190688
2019-07-01,B,437849056
2019-07-01,C,4235313152
2019-07-01,D,141023
2019-07-01,E,589602
2019-07-01,F,7388737
2019-07-01,G,744361408
2019-07-01,H,50297912
2019-07-01,I,179347
2019-07-01,J,3481388
2019-07-01,K,-99
2019-07-01,L,152224
2019-07-01,M,4856448
2019-07-01,N,2326648
2019-07-01,Q,1988591
2019-07-01,R,259510
2019-07-01,S,606114
2019-08-01,A,184512240
2019-08-01,B,388012864
2019-08-01,C,3940453376
2019-08-01,D,5018121
2019-08-01,E,615372
2019-08-01,F,3019192
2019-08-01,G,746397440
2019-08-01,H,19627390
2019-08-01,I,-99
2019-08-01,J,2907759
2019-08-01,K,-99
2019-08-01,L,48427
2019-08-01,M,2220859
2019-08-01,N,1258749
2019-08-01,P,-99
2019-08-01,Q,323788
2019-08-01,R,-99
2019-08-01,S,661137
2019-08-01,Z,-99
2019-09-01,A,147262752
2019-09-01,B,443923072
2019-09-01,C,4162730240
2019-09-01,D,28642312
2019-09-01,E,299294
2019-09-01,F,3987773
2019-09-01,G,694696960
2019-09-01,H,25079622
2019-09-01,I,99486
2019-09-01,J,2157224
2019-09-01,K,-99
2019-09-01,L,94753
2019-09-01,M,1126446
2019-09-01,N,3018420
2019-09-01,P,-99
2019-09-01,Q,332542
2019-09-01,R,114995
2019-09-01,S,730425
2019-10-01,A,178324144
2019-10-01,B,423180416
2019-10-01,C,4278489344
2019-10-01,D,467072
2019-10-01,E,911582
2019-10-01,F,787942
2019-10-01,G,682699840
2019-10-01,H,60033184
2019-10-01,I,-99
2019-10-01,J,3293522
2019-10-01,K,-99
2019-10-01,L,-99
2019-10-01,M,2048897
2019-10-01,N,3232642
2019-10-01,P,-99
2019-10-01,Q,541506
2019-10-01,R,270751
2019-10-01,S,692476
2019-11-01,A,150291280
2019-11-01,B,438809600
2019-11-01,C,4047742464
2019-11-01,D,25087720
2019-11-01,E,-99
2019-11-01,F,1395675
2019-11-01,G,599873408
2019-11-01,H,717342912
2019-11-01,I,129857
2019-11-01,J,3178221
2019-11-01,K,-99
2019-11-01,L,149985
2019-11-01,M,1929585
2019-11-01,N,1379840
2019-11-01,P,-99
2019-11-01,Q,537392
2019-11-01,R,16532034
2019-11-01,S,749091
2019-12-01,A,145468624
2019-12-01,B,459508160
2019-12-01,C,3939728896
2019-12-01,D,4463838
2019-12-01,E,632066
2019-12-01,F,4119924
2019-12-01,G,516170592
2019-12-01,H,65577664
2019-12-01,I,276113
2019-12-01,J,3899250
2019-12-01,K,-99
2019-12-01,L,167245
2019-12-01,M,1542942
2019-12-01,N,3079049
2019-12-01,P,-99
2019-12-01,Q,-99
2019-12-01,R,20362
2019-12-01,S,1185013
2019-12-01,Z,-99
2020-01-01,A,109454024
2020-01-01,B,381482048
2020-01-01,C,3247549696
2020-01-01,D,345051
2020-01-01,E,246216
2020-01-01,F,1921139
2020-01-01,G,576500992
2020-01-01,H,64089832
2020-01-01,I,278706
2020-01-01,J,2439700
2020-01-01,K,-99
2020-01-01,L,-99
2020-01-01,M,1245748
2020-01-01,N,3909042
2020-01-01,Q,298567
2020-01-01,R,-99
2020-01-01,S,909974
2020-02-01,A,162312480
2020-02-01,B,355750656
2020-02-01,C,3041268992
2020-02-01,D,21366384
2020-02-01,E,716507
2020-02-01,F,2638708
2020-02-01,G,528922048
2020-02-01,H,28888146
2020-02-01,I,242098
2020-02-01,J,2987113
2020-02-01,K,-99
2020-02-01,L,24090
2020-02-01,M,10333277
2020-02-01,N,2072103
2020-02-01,Q,265093
2020-02-01,R,-99
2020-02-01,S,830450
2020-03-01,A,144917920
2020-03-01,B,343515808
2020-03-01,C,3142365440
2020-03-01,D,327826
2020-03-01,E,-99
2020-03-01,F,5999762
2020-03-01,G,530246400
2020-03-01,H,15905314
2020-03-01,I,-99
2020-03-01,J,1198377
2020-03-01,K,-99
2020-03-01,L,235074
2020-03-01,M,735019
2020-03-01,N,5790540
2020-03-01,P,-99
2020-03-01,Q,220223
2020-03-01,S,506755
2020-04-01,A,134987664
2020-04-01,B,289951936
2020-04-01,C,3008342528
2020-04-01,D,-99
2020-04-01,E,-99
2020-04-01,F,2705050
2020-04-01,G,681100992
2020-04-01,H,16130617
2020-04-01,I,-99
2020-04-01,J,1332516
2020-04-01,K,-99
2020-04-01,M,409771
2020-04-01,N,2372625
2020-04-01,P,-99
2020-04-01,Q,169843
2020-04-01,S,680740
2020-05-01,A,177017200
2020-05-01,B,285574080
2020-05-01,C,3468298496
2020-05-01,D,8121881
2020-05-01,E,-99
2020-05-01,F,2551519
2020-05-01,G,900097472
2020-05-01,H,231111424
2020-05-01,I,83529
2020-05-01,J,821797
2020-05-01,K,-99
2020-05-01,L,-99
2020-05-01,M,8948654
2020-05-01,N,9712269
2020-05-01,Q,260263
2020-05-01,R,-99
2020-05-01,S,834781
2020-06-01,A,162241856
2020-06-01,B,274620320
2020-06-01,C,3401055232
2020-06-01,D,7586831
2020-06-01,E,-99
2020-06-01,F,2027479
2020-06-01,G,739267456
2020-06-01,H,42200640
2020-06-01,I,-99
2020-06-01,J,1830701
2020-06-01,K,-99
2020-06-01,L,-99
2020-06-01,M,1517337
2020-06-01,N,2956063
2020-06-01,Q,208030
2020-06-01,R,-99
2020-06-01,S,730660
2020-07-01,A,143007904
2020-07-01,B,326585600
2020-07-01,C,3474394624
2020-07-01,D,4664905
2020-07-01,E,-99
2020-07-01,F,3492090
2020-07-01,G,785824896
2020-07-01,H,75766512
2020-07-01,I,75703
2020-07-01,J,1238620
2020-07-01,K,-99
2020-07-01,L,-99
2020-07-01,M,1146270
2020-07-01,N,3975430
2020-07-01,P,-99
2020-07-01,Q,641173
2020-07-01,R,-99
2020-07-01,S,1218875
2020-08-01,A,166206976
2020-08-01,B,311662944
2020-08-01,C,3456754688
2020-08-01,D,-99
2020-08-01,E,718354
2020-08-01,F,4542338
2020-08-01,G,780365248
2020-08-01,H,106170624
2020-08-01,I,165572
2020-08-01,J,2327131
2020-08-01,K,-99
2020-08-01,M,1627148
2020-08-01,N,1391102
2020-08-01,Q,408153
2020-08-01,S,1121663
2020-08-01,Z,-99
2020-09-01,A,157588288
2020-09-01,B,357796352
2020-09-01,C,3470580480
2020-09-01,D,20028048
2020-09-01,E,293605
2020-09-01,F,3870044
2020-09-01,G,563343232
2020-09-01,H,26012950
2020-09-01,I,126067
2020-09-01,J,1997589
2020-09-01,K,-99
2020-09-01,L,-99
2020-09-01,M,1356485
2020-09-01,N,1098073
2020-09-01,P,-99
2020-09-01,Q,125093
2020-09-01,S,1272048
2020-10-01,A,185422048
2020-10-01,B,346879104
2020-10-01,C,3321271808
2020-10-01,D,3798638
2020-10-01,E,-99
2020-10-01,F,1810417
2020-10-01,G,598858176
2020-10-01,H,32228392
2020-10-01,I,50447
2020-10-01,J,2623328
2020-10-01,K,-99
2020-10-01,L,-99
2020-10-01,M,2111720
2020-10-01,N,2287249
2020-10-01,P,-99
2020-10-01,Q,-99
2020-10-01,R,-99
2020-10-01,S,1532379
2020-11-01,A,116026752
2020-11-01,B,373802912
2020-11-01,C,3185361664
2020-11-01,D,14032219
2020-11-01,E,-99
2020-11-01,F,3281831
2020-11-01,G,479165152
2020-11-01,H,25719404
2020-11-01,I,162991
2020-11-01,J,2238531
2020-11-01,K,-99
2020-11-01,L,40756
2020-11-01,M,1575060
2020-11-01,N,2213961
2020-11-01,P,-99
2020-11-01,Q,-99
2020-11-01,S,961898
2020-12-01,A,98634008
2020-12-01,B,409553088
2020-12-01,C,2372115712
2020-12-01,D,429006
2020-12-01,E,299274
2020-12-01,F,6481650
2020-12-01,G,363962048
2020-12-01,H,7316366
2020-12-01,I,83311
2020-12-01,J,2384376
2020-12-01,K,-99
2020-12-01,L,23369
2020-12-01,M,2175086
2020-12-01,N,146659760
2020-12-01,P,-99
2020-12-01,Q,489505
2020-12-01,R,-99
2020-12-01,S,932634
2021-01-01,A,77056704
2021-01-01,B,315153280
2021-01-01,C,3659563520
2021-01-01,D,2967349
2021-01-01,E,255351
2021-01-01,F,8493963
2021-01-01,G,507699616
2021-01-01,H,38474208
2021-01-01,I,110058
2021-01-01,J,2838874
2021-01-01,K,-99
2021-01-01,L,-99
2021-01-01,M,984274
2021-01-01,N,241854512
2021-01-01,P,-99
2021-01-01,Q,213728
2021-01-01,R,34397
2021-01-01,S,274066
2021-01-01,Z,-99
2021-02-01,A,124757760
2021-02-01,B,348634048
2021-02-01,C,3463099392
2021-02-01,D,29443456
2021-02-01,E,364217
2021-02-01,F,7506905
2021-02-01,G,574259968
2021-02-01,H,75524512
2021-02-01,I,161542
2021-02-01,J,1865057
2021-02-01,K,-99
2021-02-01,L,31227
2021-02-01,M,1738173
2021-02-01,N,6549191
2021-02-01,Q,310851
2021-02-01,S,424531
2021-03-01,A,153633280
2021-03-01,B,397461312
2021-03-01,C,4252270592
2021-03-01,D,1808731
2021-03-01,E,289946
2021-03-01,F,14242066
2021-03-01,G,736276480
2021-03-01,H,78594072
2021-03-01,I,161604
2021-03-01,J,3106641
2021-03-01,K,-99
2021-03-01,L,4643960
2021-03-01,M,1442745
2021-03-01,N,111877640
2021-03-01,P,-99
2021-03-01,Q,133072
2021-03-01,R,-99
2021-03-01,S,449162
2021-04-01,A,138104144
2021-04-01,B,271572096
2021-04-01,C,4497267712
2021-04-01,D,5699739
2021-04-01,E,120013
2021-04-01,F,870893
2021-04-01,G,914936448
2021-04-01,H,144224256
2021-04-01,I,104619
2021-04-01,J,4458754
2021-04-01,K,-99
2021-04-01,L,-99
2021-04-01,M,1459604
2021-04-01,N,114087752
2021-04-01,P,-99
2021-04-01,Q,71119
2021-04-01,R,-99
2021-04-01,S,482213
2021-04-01,Z,-99
2021-05-01,A,169857360
2021-05-01,B,460146848
2021-05-01,C,4666077696
2021-05-01,D,27473644
2021-05-01,E,573341
2021-05-01,F,6528271
2021-05-01,G,1096374016
2021-05-01,H,389022976
2021-05-01,I,180131
2021-05-01,J,2376047
2021-05-01,K,-99
2021-05-01,L,-99
2021-05-01,M,1985912
2021-05-01,N,11097537
2021-05-01,P,-99
2021-05-01,Q,147342
2021-05-01,R,-99
2021-05-01,S,698874
2021-06-01,A,190412256
2021-06-01,B,550958784
2021-06-01,C,4861291520
2021-06-01,D,10916729
2021-06-01,E,822584
2021-06-01,F,2001932
2021-06-01,G,1039709824
2021-06-01,H,119677104
2021-06-01,I,-99
2021-06-01,J,1987047
2021-06-01,K,-99
2021-06-01,L,-99
2021-06-01,M,3481762
2021-06-01,N,10730333
2021-06-01,P,44430
2021-06-01,Q,205943
2021-06-01,R,-99
2021-06-01,S,588983
2021-07-01,A,190852960
2021-07-01,B,403070912
2021-07-01,C,5149832192
2021-07-01,D,223646
2021-07-01,E,663455
2021-07-01,F,2870190
2021-07-01,G,1143549952
2021-07-01,H,53533496
2021-07-01,I,83509
2021-07-01,J,1990632
2021-07-01,K,-99
2021-07-01,L,6864975
2021-07-01,M,3361802
2021-07-01,N,21231778
2021-07-01,Q,106072
2021-07-01,R,-99
2021-07-01,S,272540
2021-08-01,A,223173232
2021-08-01,B,542177152
2021-08-01,C,5633722368
2021-08-01,D,26881364
2021-08-01,E,578215
2021-08-01,F,4111449
2021-08-01,G,1241298048
2021-08-01,H,108023648
2021-08-01,I,181518
2021-08-01,J,3219726
2021-08-01,K,-99
2021-08-01,M,3943115
2021-08-01,N,37191320
2021-08-01,P,-99
2021-08-01,Q,155878
2021-08-01,S,654316
2021-09-01,A,200859776
2021-09-01,B,338363392
2021-09-01,C,5292250112
2021-09-01,D,10078422
2021-09-01,E,193107
2021-09-01,F,3301257
2021-09-01,G,1105273856
2021-09-01,H,44856640
2021-09-01,I,1549626
2021-09-01,J,7162339
2021-09-01,K,-99
2021-09-01,L,94622
2021-09-01,M,1589632
2021-09-01,N,175656704
2021-09-01,P,-99
2021-09-01,Q,118518
2021-09-01,R,-99
2021-09-01,S,657484
2021-10-01,A,176817968
2021-10-01,B,502615872
2021-10-01,C,4888656896
2021-10-01,D,29533840
2021-10-01,E,-99
2021-10-01,F,6668602
2021-10-01,G,831206848
2021-10-01,H,52364608
2021-10-01,I,1062421
2021-10-01,J,2822840
2021-10-01,K,-99
2021-10-01,L,-99
2021-10-01,M,6286238
2021-10-01,N,255408352
2021-10-01,P,-99
2021-10-01,Q,181191
2021-10-01,R,156292
2021-10-01,S,794429
2021-11-01,A,112187264
2021-11-01,B,557809152
2021-11-01,C,4446617600
2021-11-01,D,5620728
2021-11-01,E,572755
2021-11-01,F,2989190
2021-11-01,G,598878336
2021-11-01,H,16983700
2021-11-01,I,212831
2021-11-01,J,2558618
2021-11-01,K,-99
2021-11-01,L,-99
2021-11-01,M,4929199
2021-11-01,N,137264976
2021-11-01,Q,437211
2021-11-01,R,-99
2021-11-01,S,235717
2021-12-01,A,109029472
2021-12-01,B,761156288
2021-12-01,C,4787777536
2021-12-01,D,18786474
2021-12-01,E,813625
2021-12-01,F,2444289
2021-12-01,G,592307968
2021-12-01,H,59791312
2021-12-01,I,322374
2021-12-01,J,2597870
2021-12-01,K,-99
2021-12-01,L,67233
2021-12-01,M,1744755
2021-12-01,N,166057552
2021-12-01,P,-99
2021-12-01,Q,526528
2021-12-01,R,438254
2021-12-01,S,449951
2022-01-01,A,81011104
2022-01-01,B,497492288
2022-01-01,C,3883713536
2022-01-01,D,2652944
2022-01-01,E,666183
2022-01-01,F,545336
2022-01-01,G,721760576
2022-01-01,H,39020140
2022-01-01,I,113980
2022-01-01,J,1827122
2022-01-01,K,-99
2022-01-01,L,-99
2022-01-01,M,1560237
2022-01-01,N,11767096
2022-01-01,P,-99
2022-01-01,Q,186789
2022-01-01,R,-99
2022-01-01,S,245424
2022-01-01,Z,-99
2022-02-01,A,125909320
2022-02-01,B,669741440
2022-02-01,C,4607027200
2022-02-01,D,31388304
2022-02-01,E,871662
2022-02-01,F,998947
2022-02-01,G,715000064
2022-02-01,H,79220608
2022-02-01,I,111937
2022-02-01,J,2467205
2022-02-01,K,-99
2022-02-01,M,2093092
2022-02-01,N,3123109
2022-02-01,Q,148174
2022-02-01,R,-99
2022-02-01,S,566184
2022-03-01,A,144180704
2022-03-01,B,725382656
2022-03-01,C,5219967488
2022-03-01,D,1262150
2022-03-01,E,1140727
2022-03-01,F,1403352
2022-03-01,G,825493312
2022-03-01,H,77003968
2022-03-01,I,227108
2022-03-01,J,2063279
2022-03-01,K,-99
2022-03-01,L,1126040
2022-03-01,M,1807374
2022-03-01,N,4213311
2022-03-01,P,43941
2022-03-01,Q,322682
2022-03-01,R,805327
2022-03-01,S,319617
2022-03-01,Z,-99
2022-04-01,A,182926768
2022-04-01,B,768367872
2022-04-01,C,5935345152
2022-04-01,D,789074
2022-04-01,E,-99
2022-04-01,F,789120
2022-04-01,G,1063992640
2022-04-01,H,32174864
2022-04-01,I,634154
2022-04-01,J,2533628
2022-04-01,K,2389301
2022-04-01,L,-99
2022-04-01,M,1984753
2022-04-01,N,7584825
2022-04-01,P,-99
2022-04-01,Q,567793
2022-04-01,R,422747
2022-04-01,S,300496
2022-04-01,Z,-99
2022-05-01,A,165400192
2022-05-01,B,592143616
2022-05-01,C,5982543360
2022-05-01,D,113248448
2022-05-01,E,1687083
2022-05-01,F,899764
2022-05-01,G,1046306048
2022-05-01,H,38251084
2022-05-01,I,490186
2022-05-01,J,2077378
2022-05-01,K,-99
2022-05-01,L,171966
2022-05-01,M,2096808
2022-05-01,N,11881073
2022-05-01,P,-99
2022-05-01,Q,185857
2022-05-01,S,363639
2022-05-01,Z,-99
2022-06-01,A,186466464
2022-06-01,B,778960320
2022-06-01,C,5808275968
2022-06-01,D,62286280
2022-06-01,E,788619
2022-06-01,F,1467555
2022-06-01,G,1173258240
2022-06-01,H,44215704
2022-06-01,I,534182
2022-06-01,J,3605883
2022-06-01,K,-99
2022-06-01,L,11437837
2022-06-01,M,2142541
2022-06-01,N,8940333
2022-06-01,Q,281654
2022-06-01,R,14630
2022-06-01,S,657596
2022-07-01,A,246686464
2022-07-01,B,520352160
2022-07-01,C,5234596864
2022-07-01,D,7784688
2022-07-01,E,2498599
2022-07-01,F,542208
2022-07-01,G,1257553536
2022-07-01,H,98628664
2022-07-01,I,498789
2022-07-01,J,2067885
2022-07-01,K,2072855
2022-07-01,L,8613802
2022-07-01,M,3431472
2022-07-01,N,5966282
2022-07-01,P,-99
2022-07-01,Q,618921
2022-07-01,R,-99
2022-07-01,S,502563
2022-08-01,A,204081920
2022-08-01,B,688964480
2022-08-01,C,5275210752
2022-08-01,D,50998780
2022-08-01,E,823686
2022-08-01,F,2260822
2022-08-01,G,951356224
2022-08-01,H,57853760
2022-08-01,I,327391
2022-08-01,J,2136272
2022-08-01,K,-99
2022-08-01,L,3223953
2022-08-01,M,4145081
2022-08-01,N,9445704
2022-08-01,P,-99
2022-08-01,Q,429942
2022-08-01,R,20904274
2022-08-01,S,276344
2022-09-01,A,165287824
2022-09-01,B,881802752
2022-09-01,C,4846367744
2022-09-01,D,54141832
2022-09-01,E,656624
2022-09-01,F,2684853
2022-09-01,G,1190114688
2022-09-01,H,48048376
2022-09-01,I,261188
2022-09-01,J,2561156
2022-09-01,K,-99
2022-09-01,L,-99
2022-09-01,M,3232620
2022-09-01,N,11358031
2022-09-01,P,-99
2022-09-01,Q,298087
2022-09-01,R,241750
2022-09-01,S,678988
2022-09-01,Z,-99
2022-10-01,A,134699168
2022-10-01,B,841650496
2022-10-01,C,5724009984
2022-10-01,D,6909933
2022-10-01,E,1421712
2022-10-01,F,1173665
2022-10-01,G,925177152
2022-10-01,H,51390540
2022-10-01,I,144062
2022-10-01,J,3092917
2022-10-01,K,1764321
2022-10-01,L,7917568
2022-10-01,M,3162352
2022-10-01,N,7108666
2022-10-01,P,-99
2022-10-01,Q,271959
2022-10-01,R,165633
2022-10-01,S,922481
2022-11-01,A,125636504
2022-11-01,B,699026944
2022-11-01,C,5104040448
2022-11-01,D,28536484
2022-11-01,E,1251335
2022-11-01,F,941158
2022-11-01,G,810308608
2022-11-01,H,31892850
2022-11-01,I,90802
2022-11-01,J,2111297
2022-11-01,K,-99
2022-11-01,L,-99
2022-11-01,M,1988974
2022-11-01,N,3511998
2022-11-01,P,-99
2022-11-01,Q,465971
2022-11-01,R,-99
2022-11-01,S,278251
2022-12-01,A,123532192
2022-12-01,B,727184064
2022-12-01,C,4314247168
2022-12-01,D,1348878
2022-12-01,E,489536
2022-12-01,F,1070790
2022-12-01,G,651350144
2022-12-01,H,33448760
2022-12-01,I,134267
2022-12-01,J,1807826
2022-12-01,K,-99
2022-12-01,L,-99
2022-12-01,M,2034941
2022-12-01,N,3673364
2022-12-01,P,-99
2022-12-01,Q,531285
2022-12-01,R,105857
2022-12-01,S,234912
2022-12-01,Z,-99
2023-01-01,A,81160432
2023-01-01,B,684814464
2023-01-01,C,3375424256
2023-01-01,D,23193780
2023-01-01,E,-99
2023-01-01,F,2881528
2023-01-01,G,477462880
2023-01-01,H,14325544
2023-01-01,I,215693
2023-01-01,J,3189840
2023-01-01,K,1694773
2023-01-01,L,148500
2023-01-01,M,2353963
2023-01-01,N,6717286
2023-01-01,P,-99
2023-01-01,Q,304925
2023-01-01,R,-99
2023-01-01,S,334160
2023-02-01,A,152784096
2023-02-01,B,673804288
2023-02-01,C,3608798976
2023-02-01,D,696520
2023-02-01,E,829372
2023-02-01,F,869779
2023-02-01,G,511710112
2023-02-01,H,40326760
2023-02-01,I,107327
2023-02-01,J,2628022
2023-02-01,K,2602341
2023-02-01,M,1556743
2023-02-01,N,3351907
2023-02-01,Q,288059
2023-02-01,R,844989
2023-02-01,S,226017
2023-03-01,A,147345168
2023-03-01,B,681197120
2023-03-01,C,3910743552
2023-03-01,D,38482812
2023-03-01,E,605191
2023-03-01,F,1539731
2023-03-01,G,696230784
2023-03-01,H,13295007
2023-03-01,I,263840
2023-03-01,J,3798424
2023-03-01,K,2773535
2023-03-01,L,27128
2023-03-01,M,2701268
2023-03-01,N,2790809
2023-03-01,P,-99
2023-03-01,Q,246132
2023-03-01,R,-99
2023-03-01,S,887152
2023-03-01,Z,-99
2023-04-01,A,102072376
2023-04-01,B,672245504
2023-04-01,C,4349636608
2023-04-01,D,520830
2023-04-01,E,-99
2023-04-01,F,3015752
2023-04-01,G,449522016
2023-04-01,H,8508902
2023-04-01,I,213068
2023-04-01,J,3536837
2023-04-01,K,1612772
2023-04-01,L,-99
2023-04-01,M,2615759
2023-04-01,N,5023611
2023-04-01,P,-99
2023-04-01,Q,476491
2023-04-01,R,482160
2023-04-01,S,193889
2023-05-01,A,155443968
2023-05-01,B,648110528
2023-05-01,C,4449512448
2023-05-01,D,3289967
2023-05-01,E,-99
2023-05-01,F,3735844
2023-05-01,G,725851712
2023-05-01,H,27041820
2023-05-01,I,206290
2023-05-01,J,2511625
2023-05-01,K,-99
2023-05-01,L,-99
2023-05-01,M,2620348
2023-05-01,N,3739778
2023-05-01,Q,258037
2023-05-01,R,326869
2023-05-01,S,376332
2023-06-01,A,148654720
2023-06-01,B,528321312
2023-06-01,C,3844695040
2023-06-01,D,33817072
2023-06-01,E,299400
2023-06-01,F,9994764
2023-06-01,G,621566720
2023-06-01,H,33020756
2023-06-01,I,135683
2023-06-01,J,1411358
2023-06-01,K,-99
2023-06-01,L,-99
2023-06-01,M,1580912
2023-06-01,N,6129756
2023-06-01,Q,161119
2023-06-01,R,406330
2023-06-01,S,258043
2023-07-01,A,209590592
2023-07-01,B,676527680
2023-07-01,C,4277005568
2023-07-01,D,11064006
2023-07-01,E,1045790
2023-07-01,F,7638813
2023-07-01,G,612854144
2023-07-01,H,24463114
2023-07-01,I,295946
2023-07-01,J,2575640
2023-07-01,K,-99
2023-07-01,L,-99
2023-07-01,M,3919950
2023-07-01,N,3617573
2023-07-01,P,-99
2023-07-01,Q,278243
2023-07-01,R,-99
2023-07-01,S,255462
2023-08-01,A,173686400
2023-08-01,B,711143424
2023-08-01,C,4131490048
2023-08-01,D,1595555
2023-08-01,E,860196
2023-08-01,F,19734838
2023-08-01,G,600201152
2023-08-01,H,11908766
2023-08-01,I,169932
2023-08-01,J,3953412
2023-08-01,K,-99
2023-08-01,L,1361491
2023-08-01,M,14723425
2023-08-01,N,3308141
2023-08-01,P,-99
2023-08-01,Q,360884
2023-08-01,R,12814623
2023-08-01,S,502584
2023-08-01,Z,-99
2023-09-01,A,189352512
2023-09-01,B,637785728
2023-09-01,C,3942078208
2023-09-01,D,12429901
2023-09-01,E,1622081
2023-09-01,F,5040783
2023-09-01,G,733007424
2023-09-01,H,56860796
2023-09-01,I,262029
2023-09-01,J,6413320
2023-09-01,K,-99
2023-09-01,L,-99
2023-09-01,M,3578245
2023-09-01,N,1886199
2023-09-01,P,-99
2023-09-01,Q,366636
2023-09-01,R,147476
2023-09-01,S,247590
2023-10-01,A,162561904
2023-10-01,B,676996416
2023-10-01,C,3726707200
2023-10-01,D,22707196
2023-10-01,E,457640
2023-10-01,F,3397404
2023-10-01,G,527262336
2023-10-01,H,46556624
2023-10-01,I,124143
2023-10-01,J,1887824
2023-10-01,K,2254683
2023-10-01,L,687533
2023-10-01,M,3475509
2023-10-01,N,1080174
2023-10-01,P,23063
2023-10-01,Q,-99
2023-10-01,R,417036
2023-10-01,S,666663
2023-10-01,Z,-99
2023-11-01,A,101321168
2023-11-01,B,756970112
2023-11-01,C,3444593408
2023-11-01,D,13005423
2023-11-01,E,542925
2023-11-01,F,9620812
2023-11-01,G,358158752
2023-11-01,H,23392120
2023-11-01,I,313984
2023-11-01,J,6622428
2023-11-01,K,-99
2023-11-01,L,-99
2023-11-01,M,3822612
2023-11-01,N,2105558
2023-11-01,P,-99
2023-11-01,Q,343843
2023-11-01,R,-99
2023-11-01,S,308978
2023-11-01,Z,-99
